Year,Country,Medal,Value Points
1960,URS,Bronze,1
1960,SWE,Gold,3
1960,FIN,Silver,2
1960,URS,Bronze,1
1960,URS,Bronze,1
1960,URS,Bronze,1
1960,URS,Bronze,1
1960,URS,Bronze,1
1960,URS,Bronze,1
1960,URS,Bronze,1
1960,URS,Bronze,1
1960,URS,Bronze,1
1960,URS,Bronze,1
1960,URS,Bronze,1
1960,URS,Bronze,1
1960,URS,Bronze,1
1960,URS,Bronze,1
1960,URS,Bronze,1
1960,URS,Bronze,1
1960,URS,Bronze,1
1960,USA,Gold,3
1960,USA,Gold,3
1960,USA,Gold,3
1960,USA,Gold,3
1960,USA,Gold,3
1960,USA,Gold,3
1960,USA,Gold,3
1960,USA,Gold,3
1960,USA,Gold,3
1960,USA,Gold,3
1960,USA,Gold,3
1960,USA,Gold,3
1960,USA,Gold,3
1960,USA,Gold,3
1960,USA,Gold,3
1960,USA,Gold,3
1960,USA,Gold,3
1960,CAN,Silver,2
1960,CAN,Silver,2
1960,CAN,Silver,2
1960,CAN,Silver,2
1960,CAN,Silver,2
1960,CAN,Silver,2
1960,CAN,Silver,2
1960,CAN,Silver,2
1960,CAN,Silver,2
1960,CAN,Silver,2
1960,CAN,Silver,2
1960,CAN,Silver,2
1960,CAN,Silver,2
1960,CAN,Silver,2
1960,CAN,Silver,2
1960,CAN,Silver,2
1960,CAN,Silver,2
1960,CAN,Bronze,1
1960,USA,Gold,3
1960,TCH,Silver,2
1960,USA,Bronze,1
1960,USA,Gold,3
1960,NED,Silver,2
1960,USA,Bronze,1
1960,USA,Bronze,1
1960,CAN,Gold,3
1960,CAN,Gold,3
1960,EUA,Silver,2
1960,EUA,Silver,2
1960,SWE,Bronze,1
1960,NOR,Gold,3
1960,URS,Silver,2
1960,URS,Bronze,1
1960,URS,Gold,3
1960,EUA,Silver,2
1960,URS,Bronze,1
1960,NOR,Gold,3
1960,URS,Gold,3
1960,POL,Bronze,1
1960,URS,Gold,3
1960,POL,Silver,2
1960,FIN,Bronze,1
1960,URS,Gold,3
1960,URS,Silver,2
1960,NED,Bronze,1
1960,URS,Gold,3
1960,NOR,Silver,2
1960,URS,Bronze,1
1960,URS,Gold,3
1960,USA,Silver,2
1960,USA,Bronze,1
1960,EUA,Gold,3
1960,URS,Silver,2
1960,FRA,Bronze,1
1960,FRA,Gold,3
1960,EUA,Silver,2
1960,AUT,Bronze,1
1960,EUA,Gold,3
1960,USA,Silver,2
1960,AUT,Bronze,1
1960,SUI,Gold,3
1960,AUT,Silver,2
1960,ITA,Bronze,1
1960,SUI,Gold,3
1960,USA,Silver,2
1960,FRA,Bronze,1
1960,AUT,Gold,3
1960,AUT,Silver,2
1960,EUA,Bronze,1
1960,CAN,Gold,3
1960,USA,Silver,2
1960,URS,Bronze,1
1960,URS,Gold,3
1960,URS,Silver,2
1960,FIN,Bronze,1
1960,NOR,Gold,3
1960,SWE,Silver,2
1960,URS,Bronze,1
1960,SWE,Gold,3
1960,SWE,Silver,2
1960,FIN,Bronze,1
1960,FIN,Bronze,1
1960,FIN,Bronze,1
1960,SWE,Gold,3
1960,SWE,Gold,3
1960,SWE,Gold,3
1960,URS,Silver,2
1960,URS,Silver,2
1960,URS,Silver,2
1960,URS,Bronze,1
1960,URS,Bronze,1
1960,URS,Bronze,1
1960,URS,Bronze,1
1960,FIN,Gold,3
1960,FIN,Gold,3
1960,FIN,Gold,3
1960,FIN,Gold,3
1960,NOR,Silver,2
1960,NOR,Silver,2
1960,NOR,Silver,2
1960,NOR,Silver,2
1960,SWE,Bronze,1
1960,FIN,Gold,3
1960,FIN,Silver,2
1960,URS,Bronze,1
1960,EUA,Gold,3
1960,NOR,Silver,2
1960,AUT,Bronze,1
1960,EUA,Gold,3
1960,FIN,Silver,2
1964,NOR,Bronze,1
1964,URS,Gold,3
1964,URS,Silver,2
1964,ITA,Bronze,1
1964,ITA,Bronze,1
1964,ITA,Bronze,1
1964,ITA,Bronze,1
1964,CAN,Gold,3
1964,CAN,Gold,3
1964,CAN,Gold,3
1964,CAN,Gold,3
1964,AUT,Silver,2
1964,AUT,Silver,2
1964,AUT,Silver,2
1964,AUT,Silver,2
1964,ITA,Bronze,1
1964,ITA,Bronze,1
1964,GBR,Gold,3
1964,GBR,Gold,3
1964,ITA,Silver,2
1964,ITA,Silver,2
1964,TCH,Bronze,1
1964,TCH,Bronze,1
1964,TCH,Bronze,1
1964,TCH,Bronze,1
1964,TCH,Bronze,1
1964,TCH,Bronze,1
1964,TCH,Bronze,1
1964,TCH,Bronze,1
1964,TCH,Bronze,1
1964,TCH,Bronze,1
1964,TCH,Bronze,1
1964,TCH,Bronze,1
1964,TCH,Bronze,1
1964,TCH,Bronze,1
1964,TCH,Bronze,1
1964,TCH,Bronze,1
1964,TCH,Bronze,1
1964,URS,Gold,3
1964,URS,Gold,3
1964,URS,Gold,3
1964,URS,Gold,3
1964,URS,Gold,3
1964,URS,Gold,3
1964,URS,Gold,3
1964,URS,Gold,3
1964,URS,Gold,3
1964,URS,Gold,3
1964,URS,Gold,3
1964,URS,Gold,3
1964,URS,Gold,3
1964,URS,Gold,3
1964,URS,Gold,3
1964,URS,Gold,3
1964,SWE,Silver,2
1964,SWE,Silver,2
1964,SWE,Silver,2
1964,SWE,Silver,2
1964,SWE,Silver,2
1964,SWE,Silver,2
1964,SWE,Silver,2
1964,SWE,Silver,2
1964,SWE,Silver,2
1964,SWE,Silver,2
1964,SWE,Silver,2
1964,SWE,Silver,2
1964,SWE,Silver,2
1964,SWE,Silver,2
1964,SWE,Silver,2
1964,SWE,Silver,2
1964,SWE,Silver,2
1964,ITA,Bronze,1
1964,ITA,Bronze,1
1964,AUT,Gold,3
1964,AUT,Gold,3
1964,AUT,Silver,2
1964,AUT,Silver,2
1964,EUA,Bronze,1
1964,EUA,Gold,3
1964,EUA,Silver,2
1964,AUT,Bronze,1
1964,EUA,Gold,3
1964,EUA,Silver,2
1964,USA,Bronze,1
1964,EUA,Gold,3
1964,FRA,Silver,2
1964,CAN,Bronze,1
1964,NED,Gold,3
1964,AUT,Silver,2
1964,CAN,Silver,2
1964,CAN,Silver,2
1964,URS,Gold,3
1964,URS,Gold,3
1964,USA,Bronze,1
1964,USA,Bronze,1
1964,EUA,Silver,2
1964,EUA,Silver,2
1964,NOR,Bronze,1
1964,SWE,Gold,3
1964,NOR,Silver,2
1964,FIN,Bronze,1
1964,URS,Gold,3
1964,URS,Silver,2
1964,NOR,Bronze,1
1964,URS,Gold,3
1964,NED,Silver,2
1964,URS,Bronze,1
1964,URS,Gold,3
1964,FIN,Silver,2
1964,URS,Gold,3
1964,PRK,Silver,2
1964,URS,Silver,2
1964,NOR,Bronze,1
1964,NOR,Gold,3
1964,NOR,Silver,2
1964,USA,Gold,3
1964,NOR,Silver,2
1964,URS,Silver,2
1964,URS,Silver,2
1964,URS,Bronze,1
1964,URS,Gold,3
1964,URS,Silver,2
1964,EUA,Bronze,1
1964,AUT,Gold,3
1964,FRA,Silver,2
1964,AUT,Bronze,1
1964,AUT,Gold,3
1964,AUT,Silver,2
1964,AUT,Bronze,1
1964,FRA,Gold,3
1964,AUT,Silver,2
1964,FRA,Gold,3
1964,FRA,Silver,2
1964,USA,Silver,2
1964,USA,Bronze,1
1964,AUT,Gold,3
1964,USA,Silver,2
1964,USA,Bronze,1
1964,FRA,Gold,3
1964,FRA,Silver,2
1964,URS,Bronze,1
1964,URS,Gold,3
1964,URS,Silver,2
1964,SWE,Bronze,1
1964,FIN,Gold,3
1964,NOR,Silver,2
1964,URS,Bronze,1
1964,FIN,Gold,3
1964,NOR,Silver,2
1964,FIN,Bronze,1
1964,FIN,Bronze,1
1964,FIN,Bronze,1
1964,URS,Gold,3
1964,URS,Gold,3
1964,URS,Gold,3
1964,SWE,Silver,2
1964,SWE,Silver,2
1964,SWE,Silver,2
1964,URS,Bronze,1
1964,URS,Bronze,1
1964,URS,Bronze,1
1964,URS,Bronze,1
1964,SWE,Gold,3
1964,SWE,Gold,3
1964,SWE,Gold,3
1964,SWE,Gold,3
1964,FIN,Silver,2
1964,FIN,Silver,2
1964,FIN,Silver,2
1964,FIN,Silver,2
1964,FIN,Bronze,1
1964,SWE,Gold,3
1964,SWE,Silver,2
1964,URS,Bronze,1
1964,URS,Gold,3
1964,FIN,Silver,2
1964,EUA,Bronze,1
1964,NOR,Gold,3
1964,URS,Silver,2
1964,NOR,Bronze,1
1964,NOR,Gold,3
1964,FIN,Silver,2
1964,NOR,Bronze,1
1964,FIN,Gold,3
1964,NOR,Silver,2
1968,URS,Bronze,1
1968,NOR,Gold,3
1968,URS,Silver,2
1968,SWE,Bronze,1
1968,SWE,Bronze,1
1968,SWE,Bronze,1
1968,SWE,Bronze,1
1968,URS,Gold,3
1968,URS,Gold,3
1968,URS,Gold,3
1968,URS,Gold,3
1968,NOR,Silver,2
1968,NOR,Silver,2
1968,NOR,Silver,2
1968,NOR,Silver,2
1968,SUI,Bronze,1
1968,SUI,Bronze,1
1968,SUI,Bronze,1
1968,SUI,Bronze,1
1968,ITA,Gold,3
1968,ITA,Gold,3
1968,ITA,Gold,3
1968,ITA,Gold,3
1968,AUT,Silver,2
1968,AUT,Silver,2
1968,AUT,Silver,2
1968,AUT,Silver,2
1968,ROU,Bronze,1
1968,ROU,Bronze,1
1968,ITA,Gold,3
1968,ITA,Gold,3
1968,FRG,Silver,2
1968,FRG,Silver,2
1968,CAN,Bronze,1
1968,CAN,Bronze,1
1968,CAN,Bronze,1
1968,CAN,Bronze,1
1968,CAN,Bronze,1
1968,CAN,Bronze,1
1968,CAN,Bronze,1
1968,CAN,Bronze,1
1968,CAN,Bronze,1
1968,CAN,Bronze,1
1968,CAN,Bronze,1
1968,CAN,Bronze,1
1968,CAN,Bronze,1
1968,CAN,Bronze,1
1968,CAN,Bronze,1
1968,CAN,Bronze,1
1968,CAN,Bronze,1
1968,CAN,Bronze,1
1968,URS,Gold,3
1968,URS,Gold,3
1968,URS,Gold,3
1968,URS,Gold,3
1968,URS,Gold,3
1968,URS,Gold,3
1968,URS,Gold,3
1968,URS,Gold,3
1968,URS,Gold,3
1968,URS,Gold,3
1968,URS,Gold,3
1968,URS,Gold,3
1968,URS,Gold,3
1968,URS,Gold,3
1968,URS,Gold,3
1968,URS,Gold,3
1968,URS,Gold,3
1968,URS,Gold,3
1968,TCH,Silver,2
1968,TCH,Silver,2
1968,TCH,Silver,2
1968,TCH,Silver,2
1968,TCH,Silver,2
1968,TCH,Silver,2
1968,TCH,Silver,2
1968,TCH,Silver,2
1968,TCH,Silver,2
1968,TCH,Silver,2
1968,TCH,Silver,2
1968,TCH,Silver,2
1968,TCH,Silver,2
1968,TCH,Silver,2
1968,TCH,Silver,2
1968,TCH,Silver,2
1968,TCH,Silver,2
1968,TCH,Silver,2
1968,FRG,Bronze,1
1968,FRG,Bronze,1
1968,GDR,Gold,3
1968,GDR,Gold,3
1968,AUT,Silver,2
1968,AUT,Silver,2
1968,GDR,Bronze,1
1968,AUT,Gold,3
1968,GDR,Silver,2
1968,FRG,Bronze,1
1968,ITA,Gold,3
1968,FRG,Silver,2
1968,FRA,Bronze,1
1968,AUT,Gold,3
1968,USA,Silver,2
1968,TCH,Bronze,1
1968,USA,Gold,3
1968,GDR,Silver,2
1968,FRG,Bronze,1
1968,FRG,Bronze,1
1968,URS,Gold,3
1968,URS,Gold,3
1968,URS,Silver,2
1968,URS,Silver,2
1968,SWE,Bronze,1
1968,SWE,Gold,3
1968,NOR,Silver,2
1968,USA,Bronze,1
1968,NED,Gold,3
1968,URS,Silver,2
1968,NED,Gold,3
1968,NED,Silver,2
1968,NOR,Silver,2
1968,NED,Bronze,1
1968,FIN,Gold,3
1968,NED,Silver,2
1968,NED,Bronze,1
1968,NED,Gold,3
1968,FIN,Silver,2
1968,NED,Bronze,1
1968,NOR,Gold,3
1968,NED,Silver,2
1968,FRG,Gold,3
1968,NOR,Silver,2
1968,USA,Silver,2
1968,URS,Gold,3
1968,USA,Silver,2
1968,USA,Silver,2
1968,USA,Silver,2
1968,SUI,Bronze,1
1968,FRA,Gold,3
1968,FRA,Silver,2
1968,AUT,Bronze,1
1968,AUT,Gold,3
1968,FRA,Silver,2
1968,AUT,Bronze,1
1968,FRA,Gold,3
1968,SUI,Silver,2
1968,SUI,Bronze,1
1968,CAN,Gold,3
1968,FRA,Silver,2
1968,AUT,Bronze,1
1968,FRA,Gold,3
1968,AUT,Silver,2
1968,FRA,Bronze,1
1968,FRA,Gold,3
1968,CAN,Silver,2
1968,NOR,Bronze,1
1968,SWE,Gold,3
1968,NOR,Silver,2
1968,SWE,Bronze,1
1968,NOR,Gold,3
1968,FIN,Silver,2
1968,FIN,Bronze,1
1968,ITA,Gold,3
1968,NOR,Silver,2
1968,URS,Bronze,1
1968,URS,Bronze,1
1968,URS,Bronze,1
1968,NOR,Gold,3
1968,NOR,Gold,3
1968,NOR,Gold,3
1968,SWE,Silver,2
1968,SWE,Silver,2
1968,SWE,Silver,2
1968,FIN,Bronze,1
1968,FIN,Bronze,1
1968,FIN,Bronze,1
1968,FIN,Bronze,1
1968,NOR,Gold,3
1968,NOR,Gold,3
1968,NOR,Gold,3
1968,NOR,Gold,3
1968,SWE,Silver,2
1968,SWE,Silver,2
1968,SWE,Silver,2
1968,SWE,Silver,2
1968,SUI,Bronze,1
1968,NOR,Gold,3
1968,URS,Silver,2
1968,URS,Bronze,1
1968,SWE,Gold,3
1968,URS,Silver,2
1968,GDR,Bronze,1
1968,FRG,Gold,3
1968,SUI,Silver,2
1968,NOR,Bronze,1
1968,URS,Gold,3
1968,TCH,Silver,2
1968,AUT,Bronze,1
1968,TCH,Gold,3
1968,AUT,Silver,2
1972,SWE,Bronze,1
1972,NOR,Gold,3
1972,GDR,Silver,2
1972,GDR,Bronze,1
1972,GDR,Bronze,1
1972,GDR,Bronze,1
1972,GDR,Bronze,1
1972,URS,Gold,3
1972,URS,Gold,3
1972,URS,Gold,3
1972,URS,Gold,3
1972,FIN,Silver,2
1972,FIN,Silver,2
1972,FIN,Silver,2
1972,FIN,Silver,2
1972,FRG,Bronze,1
1972,FRG,Bronze,1
1972,FRG,Bronze,1
1972,FRG,Bronze,1
1972,SUI,Gold,3
1972,SUI,Gold,3
1972,SUI,Gold,3
1972,SUI,Gold,3
1972,ITA,Silver,2
1972,ITA,Silver,2
1972,ITA,Silver,2
1972,ITA,Silver,2
1972,SUI,Bronze,1
1972,SUI,Bronze,1
1972,FRG,Gold,3
1972,FRG,Gold,3
1972,FRG,Silver,2
1972,FRG,Silver,2
1972,TCH,Bronze,1
1972,TCH,Bronze,1
1972,TCH,Bronze,1
1972,TCH,Bronze,1
1972,TCH,Bronze,1
1972,TCH,Bronze,1
1972,TCH,Bronze,1
1972,TCH,Bronze,1
1972,TCH,Bronze,1
1972,TCH,Bronze,1
1972,TCH,Bronze,1
1972,TCH,Bronze,1
1972,TCH,Bronze,1
1972,TCH,Bronze,1
1972,TCH,Bronze,1
1972,TCH,Bronze,1
1972,TCH,Bronze,1
1972,TCH,Bronze,1
1972,URS,Gold,3
1972,URS,Gold,3
1972,URS,Gold,3
1972,URS,Gold,3
1972,URS,Gold,3
1972,URS,Gold,3
1972,URS,Gold,3
1972,URS,Gold,3
1972,URS,Gold,3
1972,URS,Gold,3
1972,URS,Gold,3
1972,URS,Gold,3
1972,URS,Gold,3
1972,URS,Gold,3
1972,URS,Gold,3
1972,URS,Gold,3
1972,URS,Gold,3
1972,URS,Gold,3
1972,URS,Gold,3
1972,URS,Gold,3
1972,USA,Silver,2
1972,USA,Silver,2
1972,USA,Silver,2
1972,USA,Silver,2
1972,USA,Silver,2
1972,USA,Silver,2
1972,USA,Silver,2
1972,USA,Silver,2
1972,USA,Silver,2
1972,USA,Silver,2
1972,USA,Silver,2
1972,USA,Silver,2
1972,USA,Silver,2
1972,USA,Silver,2
1972,USA,Silver,2
1972,USA,Silver,2
1972,USA,Silver,2
1972,USA,Silver,2
1972,GDR,Bronze,1
1972,GDR,Bronze,1
1972,GDR,Gold,3
1972,GDR,Gold,3
1972,ITA,Gold,3
1972,ITA,Gold,3
1972,GDR,Bronze,1
1972,GDR,Gold,3
1972,GDR,Silver,2
1972,GDR,Bronze,1
1972,GDR,Gold,3
1972,GDR,Silver,2
1972,FRA,Bronze,1
1972,TCH,Gold,3
1972,URS,Silver,2
1972,USA,Bronze,1
1972,AUT,Gold,3
1972,CAN,Silver,2
1972,GDR,Bronze,1
1972,GDR,Bronze,1
1972,URS,Gold,3
1972,URS,Gold,3
1972,URS,Silver,2
1972,URS,Silver,2
1972,NOR,Bronze,1
1972,NED,Gold,3
1972,NED,Silver,2
1972,USA,Bronze,1
1972,FRG,Gold,3
1972,NED,Silver,2
1972,SWE,Bronze,1
1972,NED,Gold,3
1972,NOR,Silver,2
1972,NED,Bronze,1
1972,USA,Gold,3
1972,NED,Silver,2
1972,NED,Bronze,1
1972,NED,Gold,3
1972,USA,Silver,2
1972,NOR,Bronze,1
1972,NED,Gold,3
1972,NOR,Silver,2
1972,URS,Bronze,1
1972,FRG,Gold,3
1972,SWE,Silver,2
1972,URS,Bronze,1
1972,USA,Gold,3
1972,URS,Silver,2
1972,AUT,Bronze,1
1972,SUI,Gold,3
1972,SUI,Silver,2
1972,USA,Bronze,1
1972,SUI,Gold,3
1972,AUT,Silver,2
1972,SUI,Bronze,1
1972,ITA,Gold,3
1972,SUI,Silver,2
1972,AUT,Bronze,1
1972,SUI,Gold,3
1972,AUT,Silver,2
1972,ITA,Bronze,1
1972,ESP,Gold,3
1972,ITA,Silver,2
1972,FRA,Bronze,1
1972,USA,Gold,3
1972,FRA,Silver,2
1972,FIN,Bronze,1
1972,URS,Gold,3
1972,URS,Silver,2
1972,NOR,Bronze,1
1972,SWE,Gold,3
1972,URS,Silver,2
1972,NOR,Bronze,1
1972,URS,Gold,3
1972,NOR,Silver,2
1972,NOR,Bronze,1
1972,NOR,Bronze,1
1972,NOR,Bronze,1
1972,URS,Gold,3
1972,URS,Gold,3
1972,URS,Gold,3
1972,FIN,Silver,2
1972,FIN,Silver,2
1972,FIN,Silver,2
1972,SUI,Bronze,1
1972,SUI,Bronze,1
1972,SUI,Bronze,1
1972,SUI,Bronze,1
1972,URS,Gold,3
1972,URS,Gold,3
1972,URS,Gold,3
1972,URS,Gold,3
1972,NOR,Silver,2
1972,NOR,Silver,2
1972,NOR,Silver,2
1972,NOR,Silver,2
1972,URS,Bronze,1
1972,NOR,Gold,3
1972,NOR,Silver,2
1972,TCH,Bronze,1
1972,URS,Gold,3
1972,FIN,Silver,2
1972,GDR,Bronze,1
1972,GDR,Gold,3
1972,FIN,Silver,2
1972,GDR,Bronze,1
1972,POL,Gold,3
1972,SUI,Silver,2
1972,JPN,Bronze,1
1972,JPN,Gold,3
1972,JPN,Silver,2
1976,URS,Bronze,1
1976,URS,Gold,3
1976,FIN,Silver,2
1976,GDR,Bronze,1
1976,GDR,Bronze,1
1976,GDR,Bronze,1
1976,GDR,Bronze,1
1976,URS,Gold,3
1976,URS,Gold,3
1976,URS,Gold,3
1976,URS,Gold,3
1976,FIN,Silver,2
1976,FIN,Silver,2
1976,FIN,Silver,2
1976,FIN,Silver,2
1976,FRG,Bronze,1
1976,FRG,Bronze,1
1976,FRG,Bronze,1
1976,FRG,Bronze,1
1976,GDR,Gold,3
1976,GDR,Gold,3
1976,GDR,Gold,3
1976,GDR,Gold,3
1976,SUI,Silver,2
1976,SUI,Silver,2
1976,SUI,Silver,2
1976,SUI,Silver,2
1976,SUI,Bronze,1
1976,SUI,Bronze,1
1976,GDR,Gold,3
1976,GDR,Gold,3
1976,FRG,Silver,2
1976,FRG,Silver,2
1976,FRG,Bronze,1
1976,FRG,Bronze,1
1976,FRG,Bronze,1
1976,FRG,Bronze,1
1976,FRG,Bronze,1
1976,FRG,Bronze,1
1976,FRG,Bronze,1
1976,FRG,Bronze,1
1976,FRG,Bronze,1
1976,FRG,Bronze,1
1976,FRG,Bronze,1
1976,FRG,Bronze,1
1976,FRG,Bronze,1
1976,FRG,Bronze,1
1976,FRG,Bronze,1
1976,FRG,Bronze,1
1976,FRG,Bronze,1
1976,FRG,Bronze,1
1976,URS,Gold,3
1976,URS,Gold,3
1976,URS,Gold,3
1976,URS,Gold,3
1976,URS,Gold,3
1976,URS,Gold,3
1976,URS,Gold,3
1976,URS,Gold,3
1976,URS,Gold,3
1976,URS,Gold,3
1976,URS,Gold,3
1976,URS,Gold,3
1976,URS,Gold,3
1976,URS,Gold,3
1976,URS,Gold,3
1976,URS,Gold,3
1976,URS,Gold,3
1976,URS,Gold,3
1976,TCH,Silver,2
1976,TCH,Silver,2
1976,TCH,Silver,2
1976,TCH,Silver,2
1976,TCH,Silver,2
1976,TCH,Silver,2
1976,TCH,Silver,2
1976,TCH,Silver,2
1976,TCH,Silver,2
1976,TCH,Silver,2
1976,TCH,Silver,2
1976,TCH,Silver,2
1976,TCH,Silver,2
1976,TCH,Silver,2
1976,TCH,Silver,2
1976,TCH,Silver,2
1976,TCH,Silver,2
1976,TCH,Silver,2
1976,AUT,Bronze,1
1976,AUT,Bronze,1
1976,GDR,Gold,3
1976,GDR,Gold,3
1976,FRG,Silver,2
1976,FRG,Silver,2
1976,GDR,Bronze,1
1976,GDR,Gold,3
1976,FRG,Silver,2
1976,FRG,Bronze,1
1976,GDR,Gold,3
1976,GDR,Silver,2
1976,USA,Bronze,1
1976,USA,Bronze,1
1976,URS,Gold,3
1976,URS,Gold,3
1976,URS,Silver,2
1976,URS,Silver,2
1976,CAN,Bronze,1
1976,GBR,Gold,3
1976,URS,Silver,2
1976,GDR,Bronze,1
1976,USA,Gold,3
1976,NED,Silver,2
1976,GDR,Bronze,1
1976,GDR,Bronze,1
1976,URS,Gold,3
1976,URS,Gold,3
1976,GDR,Silver,2
1976,GDR,Silver,2
1976,NED,Bronze,1
1976,NED,Gold,3
1976,NOR,Silver,2
1976,URS,Bronze,1
1976,USA,Gold,3
1976,NOR,Silver,2
1976,USA,Bronze,1
1976,URS,Gold,3
1976,USA,Silver,2
1976,NED,Bronze,1
1976,NOR,Gold,3
1976,URS,Silver,2
1976,URS,Bronze,1
1976,URS,Gold,3
1976,USA,Silver,2
1976,NOR,Bronze,1
1976,URS,Gold,3
1976,GDR,Silver,2
1976,NED,Bronze,1
1976,NOR,Gold,3
1976,NED,Silver,2
1976,USA,Bronze,1
1976,URS,Gold,3
1976,URS,Silver,2
1976,URS,Bronze,1
1976,USA,Gold,3
1976,CAN,Silver,2
1976,ITA,Bronze,1
1976,AUT,Gold,3
1976,SUI,Silver,2
1976,USA,Bronze,1
1976,FRG,Gold,3
1976,AUT,Silver,2
1976,SWE,Bronze,1
1976,SUI,Gold,3
1976,SUI,Silver,2
1976,FRA,Bronze,1
1976,CAN,Gold,3
1976,FRG,Silver,2
1976,LIE,Bronze,1
1976,ITA,Gold,3
1976,ITA,Silver,2
1976,LIE,Bronze,1
1976,FRG,Gold,3
1976,ITA,Silver,2
1976,URS,Bronze,1
1976,URS,Gold,3
1976,FIN,Silver,2
1976,FIN,Bronze,1
1976,URS,Gold,3
1976,URS,Silver,2
1976,URS,Bronze,1
1976,URS,Gold,3
1976,USA,Silver,2
1976,URS,Bronze,1
1976,URS,Bronze,1
1976,URS,Bronze,1
1976,URS,Bronze,1
1976,FIN,Gold,3
1976,FIN,Gold,3
1976,FIN,Gold,3
1976,FIN,Gold,3
1976,NOR,Silver,2
1976,NOR,Silver,2
1976,NOR,Silver,2
1976,NOR,Silver,2
1976,GDR,Bronze,1
1976,GDR,Bronze,1
1976,GDR,Bronze,1
1976,GDR,Bronze,1
1976,URS,Gold,3
1976,URS,Gold,3
1976,URS,Gold,3
1976,URS,Gold,3
1976,FIN,Silver,2
1976,FIN,Silver,2
1976,FIN,Silver,2
1976,FIN,Silver,2
1976,SWE,Bronze,1
1976,NOR,Gold,3
1976,GDR,Silver,2
1976,URS,Bronze,1
1976,FIN,Gold,3
1976,URS,Silver,2
1976,GDR,Bronze,1
1976,GDR,Gold,3
1976,FRG,Silver,2
1976,GDR,Bronze,1
1976,AUT,Gold,3
1976,AUT,Silver,2
1976,AUT,Bronze,1
1976,GDR,Gold,3
1976,GDR,Silver,2
1980,URS,Bronze,1
1980,GDR,Gold,3
1980,URS,Silver,2
1980,GDR,Bronze,1
1980,URS,Gold,3
1980,GDR,Silver,2
1980,FRG,Bronze,1
1980,FRG,Bronze,1
1980,FRG,Bronze,1
1980,FRG,Bronze,1
1980,URS,Gold,3
1980,URS,Gold,3
1980,URS,Gold,3
1980,URS,Gold,3
1980,GDR,Silver,2
1980,GDR,Silver,2
1980,GDR,Silver,2
1980,GDR,Silver,2
1980,GDR,Bronze,1
1980,GDR,Bronze,1
1980,GDR,Bronze,1
1980,GDR,Bronze,1
1980,GDR,Gold,3
1980,GDR,Gold,3
1980,GDR,Gold,3
1980,GDR,Gold,3
1980,SUI,Silver,2
1980,SUI,Silver,2
1980,SUI,Silver,2
1980,SUI,Silver,2
1980,GDR,Bronze,1
1980,GDR,Bronze,1
1980,SUI,Gold,3
1980,SUI,Gold,3
1980,GDR,Silver,2
1980,GDR,Silver,2
1980,SWE,Bronze,1
1980,SWE,Bronze,1
1980,SWE,Bronze,1
1980,SWE,Bronze,1
1980,SWE,Bronze,1
1980,SWE,Bronze,1
1980,SWE,Bronze,1
1980,SWE,Bronze,1
1980,SWE,Bronze,1
1980,SWE,Bronze,1
1980,SWE,Bronze,1
1980,SWE,Bronze,1
1980,SWE,Bronze,1
1980,SWE,Bronze,1
1980,SWE,Bronze,1
1980,SWE,Bronze,1
1980,SWE,Bronze,1
1980,SWE,Bronze,1
1980,SWE,Bronze,1
1980,USA,Gold,3
1980,USA,Gold,3
1980,USA,Gold,3
1980,USA,Gold,3
1980,USA,Gold,3
1980,USA,Gold,3
1980,USA,Gold,3
1980,USA,Gold,3
1980,USA,Gold,3
1980,USA,Gold,3
1980,USA,Gold,3
1980,USA,Gold,3
1980,USA,Gold,3
1980,USA,Gold,3
1980,USA,Gold,3
1980,USA,Gold,3
1980,USA,Gold,3
1980,USA,Gold,3
1980,USA,Gold,3
1980,URS,Silver,2
1980,URS,Silver,2
1980,URS,Silver,2
1980,URS,Silver,2
1980,URS,Silver,2
1980,URS,Silver,2
1980,URS,Silver,2
1980,URS,Silver,2
1980,URS,Silver,2
1980,URS,Silver,2
1980,URS,Silver,2
1980,URS,Silver,2
1980,URS,Silver,2
1980,URS,Silver,2
1980,URS,Silver,2
1980,URS,Silver,2
1980,URS,Silver,2
1980,URS,Silver,2
1980,URS,Silver,2
1980,URS,Silver,2
1980,AUT,Bronze,1
1980,AUT,Bronze,1
1980,GDR,Gold,3
1980,GDR,Gold,3
1980,ITA,Silver,2
1980,ITA,Silver,2
1980,FRG,Bronze,1
1980,GDR,Gold,3
1980,ITA,Silver,2
1980,URS,Bronze,1
1980,URS,Gold,3
1980,GDR,Silver,2
1980,URS,Bronze,1
1980,URS,Bronze,1
1980,URS,Gold,3
1980,URS,Gold,3
1980,HUN,Silver,2
1980,HUN,Silver,2
1980,USA,Bronze,1
1980,GBR,Gold,3
1980,GDR,Silver,2
1980,FRG,Bronze,1
1980,GDR,Gold,3
1980,USA,Silver,2
1980,GDR,Bronze,1
1980,GDR,Bronze,1
1980,URS,Gold,3
1980,URS,Gold,3
1980,URS,Silver,2
1980,URS,Silver,2
1980,NOR,Bronze,1
1980,USA,Gold,3
1980,NED,Silver,2
1980,NOR,Bronze,1
1980,URS,Bronze,1
1980,USA,Gold,3
1980,CAN,Silver,2
1980,GDR,Bronze,1
1980,URS,Gold,3
1980,USA,Silver,2
1980,NOR,Bronze,1
1980,USA,Gold,3
1980,NOR,Silver,2
1980,GDR,Bronze,1
1980,NED,Gold,3
1980,NED,Silver,2
1980,USA,Bronze,1
1980,NOR,Gold,3
1980,GDR,Silver,2
1980,NOR,Bronze,1
1980,USA,Gold,3
1980,NOR,Silver,2
1980,NED,Bronze,1
1980,USA,Gold,3
1980,URS,Silver,2
1980,URS,Bronze,1
1980,GDR,Gold,3
1980,USA,Silver,2
1980,CAN,Bronze,1
1980,AUT,Gold,3
1980,AUT,Silver,2
1980,SUI,Bronze,1
1980,AUT,Gold,3
1980,LIE,Silver,2
1980,AUT,Bronze,1
1980,SWE,Gold,3
1980,LIE,Silver,2
1980,FRA,Bronze,1
1980,LIE,Gold,3
1980,FRG,Silver,2
1980,SUI,Bronze,1
1980,SWE,Gold,3
1980,USA,Silver,2
1980,SUI,Bronze,1
1980,LIE,Gold,3
1980,FRG,Silver,2
1980,FIN,Bronze,1
1980,GDR,Gold,3
1980,FIN,Silver,2
1980,NOR,Bronze,1
1980,SWE,Gold,3
1980,FIN,Silver,2
1980,BUL,Bronze,1
1980,URS,Gold,3
1980,URS,Silver,2
1980,FIN,Bronze,1
1980,FIN,Bronze,1
1980,FIN,Bronze,1
1980,FIN,Bronze,1
1980,URS,Gold,3
1980,URS,Gold,3
1980,URS,Gold,3
1980,URS,Gold,3
1980,NOR,Silver,2
1980,NOR,Silver,2
1980,NOR,Silver,2
1980,NOR,Silver,2
1980,NOR,Bronze,1
1980,NOR,Bronze,1
1980,NOR,Bronze,1
1980,NOR,Bronze,1
1980,GDR,Gold,3
1980,GDR,Gold,3
1980,GDR,Gold,3
1980,GDR,Gold,3
1980,URS,Silver,2
1980,URS,Silver,2
1980,URS,Silver,2
1980,URS,Silver,2
1980,URS,Bronze,1
1980,URS,Gold,3
1980,FIN,Silver,2
1980,TCH,Bronze,1
1980,URS,Gold,3
1980,FIN,Silver,2
1980,GDR,Bronze,1
1980,GDR,Gold,3
1980,FIN,Silver,2
1980,FIN,Bronze,1
1980,FIN,Gold,3
1980,AUT,Silver,2
1980,AUT,Gold,3
1980,GDR,Silver,2
1980,JPN,Silver,2
1984,GDR,Bronze,1
1984,NOR,Gold,3
1984,FRG,Silver,2
1984,NOR,Bronze,1
1984,FRG,Gold,3
1984,GDR,Silver,2
1984,FRG,Bronze,1
1984,FRG,Bronze,1
1984,FRG,Bronze,1
1984,FRG,Bronze,1
1984,URS,Gold,3
1984,URS,Gold,3
1984,URS,Gold,3
1984,URS,Gold,3
1984,NOR,Silver,2
1984,NOR,Silver,2
1984,NOR,Silver,2
1984,NOR,Silver,2
1984,SUI,Bronze,1
1984,SUI,Bronze,1
1984,SUI,Bronze,1
1984,SUI,Bronze,1
1984,GDR,Gold,3
1984,GDR,Gold,3
1984,GDR,Gold,3
1984,GDR,Gold,3
1984,GDR,Silver,2
1984,GDR,Silver,2
1984,GDR,Silver,2
1984,GDR,Silver,2
1984,URS,Bronze,1
1984,URS,Bronze,1
1984,GDR,Gold,3
1984,GDR,Gold,3
1984,GDR,Silver,2
1984,GDR,Silver,2
1984,SWE,Bronze,1
1984,SWE,Bronze,1
1984,SWE,Bronze,1
1984,SWE,Bronze,1
1984,SWE,Bronze,1
1984,SWE,Bronze,1
1984,SWE,Bronze,1
1984,SWE,Bronze,1
1984,SWE,Bronze,1
1984,SWE,Bronze,1
1984,SWE,Bronze,1
1984,SWE,Bronze,1
1984,SWE,Bronze,1
1984,SWE,Bronze,1
1984,SWE,Bronze,1
1984,SWE,Bronze,1
1984,SWE,Bronze,1
1984,SWE,Bronze,1
1984,SWE,Bronze,1
1984,SWE,Bronze,1
1984,URS,Gold,3
1984,URS,Gold,3
1984,URS,Gold,3
1984,URS,Gold,3
1984,URS,Gold,3
1984,URS,Gold,3
1984,URS,Gold,3
1984,URS,Gold,3
1984,URS,Gold,3
1984,URS,Gold,3
1984,URS,Gold,3
1984,URS,Gold,3
1984,URS,Gold,3
1984,URS,Gold,3
1984,URS,Gold,3
1984,URS,Gold,3
1984,URS,Gold,3
1984,URS,Gold,3
1984,URS,Gold,3
1984,URS,Gold,3
1984,TCH,Silver,2
1984,TCH,Silver,2
1984,TCH,Silver,2
1984,TCH,Silver,2
1984,TCH,Silver,2
1984,TCH,Silver,2
1984,TCH,Silver,2
1984,TCH,Silver,2
1984,TCH,Silver,2
1984,TCH,Silver,2
1984,TCH,Silver,2
1984,TCH,Silver,2
1984,TCH,Silver,2
1984,TCH,Silver,2
1984,TCH,Silver,2
1984,TCH,Silver,2
1984,TCH,Silver,2
1984,TCH,Silver,2
1984,TCH,Silver,2
1984,TCH,Silver,2
1984,GDR,Bronze,1
1984,GDR,Bronze,1
1984,FRG,Gold,3
1984,FRG,Gold,3
1984,URS,Silver,2
1984,URS,Silver,2
1984,URS,Bronze,1
1984,ITA,Gold,3
1984,URS,Silver,2
1984,GDR,Bronze,1
1984,GDR,Gold,3
1984,GDR,Silver,2
1984,URS,Bronze,1
1984,URS,Bronze,1
1984,GBR,Gold,3
1984,GBR,Gold,3
1984,URS,Silver,2
1984,URS,Silver,2
1984,TCH,Bronze,1
1984,USA,Gold,3
1984,CAN,Silver,2
1984,URS,Bronze,1
1984,GDR,Gold,3
1984,USA,Silver,2
1984,URS,Bronze,1
1984,URS,Bronze,1
1984,URS,Gold,3
1984,URS,Gold,3
1984,USA,Silver,2
1984,USA,Silver,2
1984,GDR,Bronze,1
1984,URS,Gold,3
1984,SWE,Silver,2
1984,NOR,Bronze,1
1984,CAN,Gold,3
1984,URS,Silver,2
1984,URS,Bronze,1
1984,GDR,Gold,3
1984,GDR,Silver,2
1984,URS,Bronze,1
1984,CAN,Gold,3
1984,URS,Silver,2
1984,URS,Bronze,1
1984,GDR,Gold,3
1984,GDR,Silver,2
1984,GDR,Bronze,1
1984,GDR,Gold,3
1984,GDR,Silver,2
1984,GDR,Bronze,1
1984,SWE,Gold,3
1984,URS,Silver,2
1984,CAN,Bronze,1
1984,URS,Gold,3
1984,JPN,Silver,2
1984,URS,Bronze,1
1984,GDR,Gold,3
1984,GDR,Silver,2
1984,AUT,Bronze,1
1984,USA,Gold,3
1984,SUI,Silver,2
1984,TCH,Bronze,1
1984,SUI,Gold,3
1984,SUI,Silver,2
1984,LIE,Bronze,1
1984,SUI,Gold,3
1984,YUG,Silver,2
1984,FRA,Bronze,1
1984,USA,Gold,3
1984,USA,Silver,2
1984,FRA,Bronze,1
1984,USA,Gold,3
1984,USA,Silver,2
1984,LIE,Bronze,1
1984,ITA,Gold,3
1984,FRA,Silver,2
1984,NOR,Bronze,1
1984,FIN,Gold,3
1984,URS,Silver,2
1984,FIN,Bronze,1
1984,SWE,Gold,3
1984,FIN,Silver,2
1984,NOR,Bronze,1
1984,FIN,Gold,3
1984,URS,Silver,2
1984,SWE,Bronze,1
1984,URS,Gold,3
1984,URS,Silver,2
1984,FIN,Bronze,1
1984,FIN,Bronze,1
1984,FIN,Bronze,1
1984,FIN,Bronze,1
1984,SWE,Gold,3
1984,SWE,Gold,3
1984,SWE,Gold,3
1984,SWE,Gold,3
1984,URS,Silver,2
1984,URS,Silver,2
1984,URS,Silver,2
1984,URS,Silver,2
1984,FIN,Bronze,1
1984,FIN,Bronze,1
1984,FIN,Bronze,1
1984,FIN,Bronze,1
1984,NOR,Gold,3
1984,NOR,Gold,3
1984,NOR,Gold,3
1984,NOR,Gold,3
1984,TCH,Silver,2
1984,TCH,Silver,2
1984,TCH,Silver,2
1984,TCH,Silver,2
1984,FIN,Bronze,1
1984,SWE,Gold,3
1984,SWE,Silver,2
1984,TCH,Bronze,1
1984,FIN,Gold,3
1984,NOR,Silver,2
1984,FIN,Bronze,1
1984,NOR,Gold,3
1984,FIN,Silver,2
1984,TCH,Bronze,1
1984,FIN,Gold,3
1984,GDR,Silver,2
1984,FIN,Bronze,1
1984,GDR,Gold,3
1984,FIN,Silver,2
1988,URS,Bronze,1
1988,GDR,Gold,3
1988,URS,Silver,2
1988,ITA,Bronze,1
1988,GDR,Gold,3
1988,URS,Silver,2
1988,ITA,Bronze,1
1988,ITA,Bronze,1
1988,ITA,Bronze,1
1988,ITA,Bronze,1
1988,URS,Gold,3
1988,URS,Gold,3
1988,URS,Gold,3
1988,URS,Gold,3
1988,FRG,Silver,2
1988,FRG,Silver,2
1988,FRG,Silver,2
1988,FRG,Silver,2
1988,URS,Bronze,1
1988,URS,Bronze,1
1988,URS,Bronze,1
1988,URS,Bronze,1
1988,SUI,Gold,3
1988,SUI,Gold,3
1988,SUI,Gold,3
1988,SUI,Gold,3
1988,GDR,Silver,2
1988,GDR,Silver,2
1988,GDR,Silver,2
1988,GDR,Silver,2
1988,GDR,Bronze,1
1988,GDR,Bronze,1
1988,URS,Gold,3
1988,URS,Gold,3
1988,GDR,Silver,2
1988,GDR,Silver,2
1988,SWE,Bronze,1
1988,SWE,Bronze,1
1988,SWE,Bronze,1
1988,SWE,Bronze,1
1988,SWE,Bronze,1
1988,SWE,Bronze,1
1988,SWE,Bronze,1
1988,SWE,Bronze,1
1988,SWE,Bronze,1
1988,SWE,Bronze,1
1988,SWE,Bronze,1
1988,SWE,Bronze,1
1988,SWE,Bronze,1
1988,SWE,Bronze,1
1988,SWE,Bronze,1
1988,SWE,Bronze,1
1988,SWE,Bronze,1
1988,SWE,Bronze,1
1988,SWE,Bronze,1
1988,SWE,Bronze,1
1988,SWE,Bronze,1
1988,SWE,Bronze,1
1988,URS,Gold,3
1988,URS,Gold,3
1988,URS,Gold,3
1988,URS,Gold,3
1988,URS,Gold,3
1988,URS,Gold,3
1988,URS,Gold,3
1988,URS,Gold,3
1988,URS,Gold,3
1988,URS,Gold,3
1988,URS,Gold,3
1988,URS,Gold,3
1988,URS,Gold,3
1988,URS,Gold,3
1988,URS,Gold,3
1988,URS,Gold,3
1988,URS,Gold,3
1988,URS,Gold,3
1988,URS,Gold,3
1988,URS,Gold,3
1988,URS,Gold,3
1988,URS,Gold,3
1988,FIN,Silver,2
1988,FIN,Silver,2
1988,FIN,Silver,2
1988,FIN,Silver,2
1988,FIN,Silver,2
1988,FIN,Silver,2
1988,FIN,Silver,2
1988,FIN,Silver,2
1988,FIN,Silver,2
1988,FIN,Silver,2
1988,FIN,Silver,2
1988,FIN,Silver,2
1988,FIN,Silver,2
1988,FIN,Silver,2
1988,FIN,Silver,2
1988,FIN,Silver,2
1988,FIN,Silver,2
1988,FIN,Silver,2
1988,FIN,Silver,2
1988,FIN,Silver,2
1988,FIN,Silver,2
1988,FIN,Silver,2
1988,FRG,Bronze,1
1988,FRG,Bronze,1
1988,GDR,Gold,3
1988,GDR,Gold,3
1988,GDR,Silver,2
1988,GDR,Silver,2
1988,URS,Bronze,1
1988,GDR,Gold,3
1988,FRG,Silver,2
1988,GDR,Bronze,1
1988,GDR,Gold,3
1988,GDR,Silver,2
1988,CAN,Bronze,1
1988,CAN,Bronze,1
1988,URS,Gold,3
1988,URS,Gold,3
1988,URS,Silver,2
1988,URS,Silver,2
1988,URS,Bronze,1
1988,USA,Gold,3
1988,CAN,Silver,2
1988,USA,Bronze,1
1988,GDR,Gold,3
1988,CAN,Silver,2
1988,USA,Bronze,1
1988,USA,Bronze,1
1988,URS,Gold,3
1988,URS,Gold,3
1988,URS,Silver,2
1988,URS,Silver,2
1988,NED,Bronze,1
1988,SWE,Gold,3
1988,AUT,Silver,2
1988,URS,Bronze,1
1988,URS,Gold,3
1988,GDR,Silver,2
1988,USA,Bronze,1
1988,GDR,Gold,3
1988,GDR,Silver,2
1988,AUT,Bronze,1
1988,GDR,Gold,3
1988,USA,Silver,2
1988,GDR,Bronze,1
1988,NED,Gold,3
1988,GDR,Silver,2
1988,GDR,Bronze,1
1988,NED,Gold,3
1988,GDR,Silver,2
1988,NED,Bronze,1
1988,SWE,Gold,3
1988,NED,Silver,2
1988,GDR,Bronze,1
1988,NED,Gold,3
1988,GDR,Silver,2
1988,JPN,Bronze,1
1988,GDR,Gold,3
1988,NED,Silver,2
1988,GDR,Bronze,1
1988,USA,Gold,3
1988,GDR,Silver,2
1988,SUI,Bronze,1
1988,AUT,Gold,3
1988,AUT,Silver,2
1988,SUI,Bronze,1
1988,AUT,Gold,3
1988,SUI,Silver,2
1988,FRA,Bronze,1
1988,SUI,Gold,3
1988,SUI,Silver,2
1988,CAN,Bronze,1
1988,FRG,Gold,3
1988,SUI,Silver,2
1988,SUI,Bronze,1
1988,ITA,Gold,3
1988,AUT,Silver,2
1988,SUI,Bronze,1
1988,SUI,Gold,3
1988,FRG,Silver,2
1988,LIE,Bronze,1
1988,ITA,Gold,3
1988,FRG,Silver,2
1988,FRG,Bronze,1
1988,SUI,Gold,3
1988,YUG,Silver,2
1988,SWE,Bronze,1
1988,FRA,Gold,3
1988,AUT,Silver,2
1988,CAN,Bronze,1
1988,AUT,Gold,3
1988,SUI,Silver,2
1988,FIN,Bronze,1
1988,URS,Gold,3
1988,URS,Silver,2
1988,URS,Bronze,1
1988,URS,Gold,3
1988,NOR,Silver,2
1988,URS,Bronze,1
1988,URS,Gold,3
1988,URS,Silver,2
1988,NOR,Bronze,1
1988,URS,Gold,3
1988,URS,Silver,2
1988,TCH,Bronze,1
1988,TCH,Bronze,1
1988,TCH,Bronze,1
1988,TCH,Bronze,1
1988,SWE,Gold,3
1988,SWE,Gold,3
1988,SWE,Gold,3
1988,SWE,Gold,3
1988,URS,Silver,2
1988,URS,Silver,2
1988,URS,Silver,2
1988,URS,Silver,2
1988,FIN,Bronze,1
1988,FIN,Bronze,1
1988,FIN,Bronze,1
1988,FIN,Bronze,1
1988,URS,Gold,3
1988,URS,Gold,3
1988,URS,Gold,3
1988,URS,Gold,3
1988,NOR,Silver,2
1988,NOR,Silver,2
1988,NOR,Silver,2
1988,NOR,Silver,2
1988,SUI,Bronze,1
1988,SWE,Gold,3
1988,ITA,Silver,2
1988,URS,Bronze,1
1988,FIN,Gold,3
1988,URS,Silver,2
1988,URS,Bronze,1
1988,SUI,Gold,3
1988,AUT,Silver,2
1988,AUT,Bronze,1
1988,AUT,Bronze,1
1988,AUT,Bronze,1
1988,FRG,Gold,3
1988,FRG,Gold,3
1988,FRG,Gold,3
1988,SUI,Silver,2
1988,SUI,Silver,2
1988,SUI,Silver,2
1988,YUG,Bronze,1
1988,FIN,Gold,3
1988,NOR,Silver,2
1988,NOR,Bronze,1
1988,NOR,Bronze,1
1988,NOR,Bronze,1
1988,NOR,Bronze,1
1988,FIN,Gold,3
1988,FIN,Gold,3
1988,FIN,Gold,3
1988,FIN,Gold,3
1988,YUG,Silver,2
1988,YUG,Silver,2
1988,YUG,Silver,2
1988,YUG,Silver,2
1988,TCH,Bronze,1
1988,FIN,Gold,3
1988,TCH,Silver,2
1992,FIN,Bronze,1
1992,GER,Gold,3
1992,GER,Silver,2
1992,CAN,Bronze,1
1992,GER,Gold,3
1992,EUN,Silver,2
1992,SWE,Bronze,1
1992,EUN,Gold,3
1992,GER,Silver,2
1992,EUN,Bronze,1
1992,EUN,Bronze,1
1992,EUN,Bronze,1
1992,FRA,Gold,3
1992,FRA,Gold,3
1992,FRA,Gold,3
1992,GER,Silver,2
1992,GER,Silver,2
1992,GER,Silver,2
1992,SWE,Bronze,1
1992,SWE,Bronze,1
1992,SWE,Bronze,1
1992,SWE,Bronze,1
1992,GER,Gold,3
1992,GER,Gold,3
1992,GER,Gold,3
1992,GER,Gold,3
1992,EUN,Silver,2
1992,EUN,Silver,2
1992,EUN,Silver,2
1992,EUN,Silver,2
1992,EUN,Bronze,1
1992,EUN,Gold,3
1992,GER,Silver,2
1992,SUI,Bronze,1
1992,SUI,Bronze,1
1992,SUI,Bronze,1
1992,SUI,Bronze,1
1992,AUT,Gold,3
1992,AUT,Gold,3
1992,AUT,Gold,3
1992,AUT,Gold,3
1992,GER,Silver,2
1992,GER,Silver,2
1992,GER,Silver,2
1992,GER,Silver,2
1992,GER,Bronze,1
1992,GER,Bronze,1
1992,SUI,Gold,3
1992,SUI,Gold,3
1992,GER,Silver,2
1992,GER,Silver,2
1992,TCH,Bronze,1
1992,TCH,Bronze,1
1992,TCH,Bronze,1
1992,TCH,Bronze,1
1992,TCH,Bronze,1
1992,TCH,Bronze,1
1992,TCH,Bronze,1
1992,TCH,Bronze,1
1992,TCH,Bronze,1
1992,TCH,Bronze,1
1992,TCH,Bronze,1
1992,TCH,Bronze,1
1992,TCH,Bronze,1
1992,TCH,Bronze,1
1992,TCH,Bronze,1
1992,TCH,Bronze,1
1992,TCH,Bronze,1
1992,TCH,Bronze,1
1992,TCH,Bronze,1
1992,TCH,Bronze,1
1992,TCH,Bronze,1
1992,TCH,Bronze,1
1992,TCH,Bronze,1
1992,EUN,Gold,3
1992,EUN,Gold,3
1992,EUN,Gold,3
1992,EUN,Gold,3
1992,EUN,Gold,3
1992,EUN,Gold,3
1992,EUN,Gold,3
1992,EUN,Gold,3
1992,EUN,Gold,3
1992,EUN,Gold,3
1992,EUN,Gold,3
1992,EUN,Gold,3
1992,EUN,Gold,3
1992,EUN,Gold,3
1992,EUN,Gold,3
1992,EUN,Gold,3
1992,EUN,Gold,3
1992,EUN,Gold,3
1992,EUN,Gold,3
1992,EUN,Gold,3
1992,EUN,Gold,3
1992,EUN,Gold,3
1992,EUN,Gold,3
1992,CAN,Silver,2
1992,CAN,Silver,2
1992,CAN,Silver,2
1992,CAN,Silver,2
1992,CAN,Silver,2
1992,CAN,Silver,2
1992,CAN,Silver,2
1992,CAN,Silver,2
1992,CAN,Silver,2
1992,CAN,Silver,2
1992,CAN,Silver,2
1992,CAN,Silver,2
1992,CAN,Silver,2
1992,CAN,Silver,2
1992,CAN,Silver,2
1992,CAN,Silver,2
1992,CAN,Silver,2
1992,CAN,Silver,2
1992,CAN,Silver,2
1992,CAN,Silver,2
1992,CAN,Silver,2
1992,CAN,Silver,2
1992,CAN,Silver,2
1992,ITA,Bronze,1
1992,ITA,Bronze,1
1992,GER,Gold,3
1992,GER,Gold,3
1992,GER,Silver,2
1992,GER,Silver,2
1992,AUT,Bronze,1
1992,GER,Gold,3
1992,AUT,Silver,2
1992,GER,Bronze,1
1992,AUT,Gold,3
1992,AUT,Silver,2
1992,EUN,Bronze,1
1992,EUN,Bronze,1
1992,EUN,Gold,3
1992,EUN,Gold,3
1992,FRA,Silver,2
1992,FRA,Silver,2
1992,TCH,Bronze,1
1992,EUN,Gold,3
1992,USA,Silver,2
1992,USA,Bronze,1
1992,USA,Gold,3
1992,JPN,Silver,2
1992,CAN,Bronze,1
1992,CAN,Bronze,1
1992,EUN,Gold,3
1992,EUN,Gold,3
1992,EUN,Silver,2
1992,EUN,Silver,2
1992,KOR,Bronze,1
1992,KOR,Gold,3
1992,CAN,Silver,2
1992,EUN,Bronze,1
1992,EUN,Bronze,1
1992,EUN,Bronze,1
1992,EUN,Bronze,1
1992,CAN,Gold,3
1992,CAN,Gold,3
1992,CAN,Gold,3
1992,CAN,Gold,3
1992,USA,Silver,2
1992,USA,Silver,2
1992,USA,Silver,2
1992,USA,Silver,2
1992,JPN,Bronze,1
1992,JPN,Bronze,1
1992,JPN,Bronze,1
1992,JPN,Bronze,1
1992,KOR,Gold,3
1992,KOR,Gold,3
1992,KOR,Gold,3
1992,KOR,Gold,3
1992,CAN,Silver,2
1992,CAN,Silver,2
1992,CAN,Silver,2
1992,CAN,Silver,2
1992,CAN,Silver,2
1992,PRK,Bronze,1
1992,USA,Gold,3
1992,CHN,Silver,2
1992,NOR,Bronze,1
1992,NED,Gold,3
1992,NOR,Silver,2
1992,JPN,Bronze,1
1992,GER,Gold,3
1992,KOR,Silver,2
1992,GER,Bronze,1
1992,USA,Gold,3
1992,CHN,Silver,2
1992,NED,Bronze,1
1992,NOR,Gold,3
1992,NOR,Silver,2
1992,JPN,Bronze,1
1992,GER,Gold,3
1992,GER,Silver,2
1992,AUT,Bronze,1
1992,GER,Gold,3
1992,GER,Silver,2
1992,NED,Bronze,1
1992,NOR,Gold,3
1992,NED,Silver,2
1992,GER,Bronze,1
1992,GER,Gold,3
1992,GER,Silver,2
1992,JPN,Bronze,1
1992,GER,Gold,3
1992,JPN,Silver,2
1992,GER,Bronze,1
1992,USA,Gold,3
1992,CHN,Silver,2
1992,SUI,Bronze,1
1992,ITA,Gold,3
1992,ITA,Silver,2
1992,FRA,Bronze,1
1992,AUT,Gold,3
1992,AUT,Silver,2
1992,AUT,Bronze,1
1992,AUT,Gold,3
1992,FRA,Silver,2
1992,AUT,Bronze,1
1992,CAN,Gold,3
1992,USA,Silver,2
1992,NOR,Bronze,1
1992,ITA,Gold,3
1992,LUX,Silver,2
1992,SWE,Gold,3
1992,AUT,Silver,2
1992,USA,Silver,2
1992,AUT,Bronze,1
1992,NOR,Gold,3
1992,ITA,Silver,2
1992,ESP,Bronze,1
1992,AUT,Gold,3
1992,NZL,Silver,2
1992,NOR,Bronze,1
1992,NOR,Gold,3
1992,LUX,Silver,2
1992,GER,Bronze,1
1992,ITA,Gold,3
1992,FRA,Silver,2
1992,SWE,Bronze,1
1992,NOR,Gold,3
1992,ITA,Silver,2
1992,EUN,Bronze,1
1992,EUN,Gold,3
1992,FIN,Silver,2
1992,EUN,Bronze,1
1992,ITA,Gold,3
1992,EUN,Silver,2
1992,NOR,Bronze,1
1992,NOR,Gold,3
1992,NOR,Silver,2
1992,FIN,Bronze,1
1992,FIN,Bronze,1
1992,FIN,Bronze,1
1992,FIN,Bronze,1
1992,NOR,Gold,3
1992,NOR,Gold,3
1992,NOR,Gold,3
1992,NOR,Gold,3
1992,ITA,Silver,2
1992,ITA,Silver,2
1992,ITA,Silver,2
1992,ITA,Silver,2
1992,ITA,Bronze,1
1992,ITA,Bronze,1
1992,ITA,Bronze,1
1992,ITA,Bronze,1
1992,EUN,Gold,3
1992,EUN,Gold,3
1992,EUN,Gold,3
1992,EUN,Gold,3
1992,NOR,Silver,2
1992,NOR,Silver,2
1992,NOR,Silver,2
1992,NOR,Silver,2
1992,ITA,Bronze,1
1992,NOR,Gold,3
1992,ITA,Silver,2
1992,EUN,Bronze,1
1992,FIN,Gold,3
1992,EUN,Silver,2
1992,ITA,Bronze,1
1992,NOR,Gold,3
1992,NOR,Silver,2
1992,EUN,Bronze,1
1992,EUN,Gold,3
1992,ITA,Silver,2
1992,USA,Bronze,1
1992,FRA,Gold,3
1992,FRA,Silver,2
1992,NOR,Bronze,1
1992,USA,Gold,3
1992,EUN,Silver,2
1992,AUT,Bronze,1
1992,FRA,Gold,3
1992,FRA,Silver,2
1992,AUT,Bronze,1
1992,AUT,Bronze,1
1992,AUT,Bronze,1
1992,JPN,Gold,3
1992,JPN,Gold,3
1992,JPN,Gold,3
1992,NOR,Silver,2
1992,NOR,Silver,2
1992,NOR,Silver,2
1992,AUT,Bronze,1
1992,FIN,Gold,3
1992,AUT,Silver,2
1992,TCH,Bronze,1
1992,TCH,Bronze,1
1992,TCH,Bronze,1
1992,TCH,Bronze,1
1992,FIN,Gold,3
1992,FIN,Gold,3
1992,FIN,Gold,3
1992,FIN,Gold,3
1992,AUT,Silver,2
1992,AUT,Silver,2
1992,AUT,Silver,2
1992,AUT,Silver,2
1992,FIN,Bronze,1
1992,AUT,Gold,3
1992,AUT,Silver,2
1994,RUS,Bronze,1
1994,RUS,Gold,3
1994,GER,Silver,2
1994,GER,Bronze,1
1994,CAN,Gold,3
1994,FRA,Silver,2
1994,GER,Bronze,1
1994,RUS,Gold,3
1994,GER,Silver,2
1994,FRA,Bronze,1
1994,FRA,Bronze,1
1994,FRA,Bronze,1
1994,FRA,Bronze,1
1994,GER,Gold,3
1994,GER,Gold,3
1994,GER,Gold,3
1994,GER,Gold,3
1994,RUS,Silver,2
1994,RUS,Silver,2
1994,RUS,Silver,2
1994,RUS,Silver,2
1994,FRA,Bronze,1
1994,FRA,Bronze,1
1994,FRA,Bronze,1
1994,FRA,Bronze,1
1994,RUS,Gold,3
1994,RUS,Gold,3
1994,RUS,Gold,3
1994,RUS,Gold,3
1994,GER,Silver,2
1994,GER,Silver,2
1994,GER,Silver,2
1994,GER,Silver,2
1994,UKR,Bronze,1
1994,CAN,Gold,3
1994,BLR,Silver,2
1994,GER,Bronze,1
1994,GER,Bronze,1
1994,GER,Bronze,1
1994,GER,Bronze,1
1994,GER,Gold,3
1994,GER,Gold,3
1994,GER,Gold,3
1994,GER,Gold,3
1994,SUI,Silver,2
1994,SUI,Silver,2
1994,SUI,Silver,2
1994,SUI,Silver,2
1994,ITA,Bronze,1
1994,ITA,Bronze,1
1994,SUI,Gold,3
1994,SUI,Gold,3
1994,SUI,Silver,2
1994,SUI,Silver,2
1994,FIN,Bronze,1
1994,FIN,Bronze,1
1994,FIN,Bronze,1
1994,FIN,Bronze,1
1994,FIN,Bronze,1
1994,FIN,Bronze,1
1994,FIN,Bronze,1
1994,FIN,Bronze,1
1994,FIN,Bronze,1
1994,FIN,Bronze,1
1994,FIN,Bronze,1
1994,FIN,Bronze,1
1994,FIN,Bronze,1
1994,FIN,Bronze,1
1994,FIN,Bronze,1
1994,FIN,Bronze,1
1994,FIN,Bronze,1
1994,FIN,Bronze,1
1994,FIN,Bronze,1
1994,FIN,Bronze,1
1994,FIN,Bronze,1
1994,FIN,Bronze,1
1994,FIN,Bronze,1
1994,SWE,Gold,3
1994,SWE,Gold,3
1994,SWE,Gold,3
1994,SWE,Gold,3
1994,SWE,Gold,3
1994,SWE,Gold,3
1994,SWE,Gold,3
1994,SWE,Gold,3
1994,SWE,Gold,3
1994,SWE,Gold,3
1994,SWE,Gold,3
1994,SWE,Gold,3
1994,SWE,Gold,3
1994,SWE,Gold,3
1994,SWE,Gold,3
1994,SWE,Gold,3
1994,SWE,Gold,3
1994,SWE,Gold,3
1994,SWE,Gold,3
1994,SWE,Gold,3
1994,SWE,Gold,3
1994,SWE,Gold,3
1994,CAN,Silver,2
1994,CAN,Silver,2
1994,CAN,Silver,2
1994,CAN,Silver,2
1994,CAN,Silver,2
1994,CAN,Silver,2
1994,CAN,Silver,2
1994,CAN,Silver,2
1994,CAN,Silver,2
1994,CAN,Silver,2
1994,CAN,Silver,2
1994,CAN,Silver,2
1994,CAN,Silver,2
1994,CAN,Silver,2
1994,CAN,Silver,2
1994,CAN,Silver,2
1994,CAN,Silver,2
1994,CAN,Silver,2
1994,CAN,Silver,2
1994,CAN,Silver,2
1994,CAN,Silver,2
1994,CAN,Silver,2
1994,CAN,Silver,2
1994,GER,Bronze,1
1994,GER,Bronze,1
1994,ITA,Gold,3
1994,ITA,Gold,3
1994,ITA,Silver,2
1994,ITA,Silver,2
1994,ITA,Bronze,1
1994,GER,Gold,3
1994,AUT,Silver,2
1994,AUT,Bronze,1
1994,ITA,Gold,3
1994,GER,Silver,2
1994,GBR,Bronze,1
1994,GBR,Bronze,1
1994,RUS,Gold,3
1994,RUS,Gold,3
1994,RUS,Silver,2
1994,RUS,Silver,2
1994,FRA,Bronze,1
1994,RUS,Gold,3
1994,CAN,Silver,2
1994,CHN,Bronze,1
1994,UKR,Gold,3
1994,USA,Silver,2
1994,CAN,Bronze,1
1994,CAN,Bronze,1
1994,RUS,Gold,3
1994,RUS,Gold,3
1994,RUS,Silver,2
1994,RUS,Silver,2
1994,CAN,Bronze,1
1994,KOR,Gold,3
1994,KOR,Silver,2
1994,KOR,Bronze,1
1994,KOR,Gold,3
1994,CAN,Silver,2
1994,USA,Bronze,1
1994,USA,Bronze,1
1994,USA,Bronze,1
1994,USA,Bronze,1
1994,USA,Bronze,1
1994,KOR,Gold,3
1994,KOR,Gold,3
1994,KOR,Gold,3
1994,KOR,Gold,3
1994,KOR,Gold,3
1994,CAN,Silver,2
1994,CAN,Silver,2
1994,CAN,Silver,2
1994,CAN,Silver,2
1994,CAN,Silver,2
1994,AUS,Bronze,1
1994,AUS,Bronze,1
1994,AUS,Bronze,1
1994,AUS,Bronze,1
1994,ITA,Gold,3
1994,ITA,Gold,3
1994,ITA,Gold,3
1994,ITA,Gold,3
1994,ITA,Gold,3
1994,USA,Silver,2
1994,USA,Silver,2
1994,USA,Silver,2
1994,USA,Silver,2
1994,USA,Silver,2
1994,GBR,Bronze,1
1994,KOR,Gold,3
1994,ITA,Silver,2
1994,USA,Bronze,1
1994,USA,Gold,3
1994,CHN,Silver,2
1994,NED,Bronze,1
1994,NOR,Gold,3
1994,NOR,Silver,2
1994,RUS,Bronze,1
1994,USA,Gold,3
1994,BLR,Silver,2
1994,CHN,Bronze,1
1994,USA,Gold,3
1994,GER,Silver,2
1994,NED,Bronze,1
1994,NOR,Gold,3
1994,NED,Silver,2
1994,GER,Bronze,1
1994,AUT,Gold,3
1994,RUS,Silver,2
1994,GER,Bronze,1
1994,RUS,Gold,3
1994,AUT,Silver,2
1994,NED,Bronze,1
1994,NOR,Gold,3
1994,NOR,Silver,2
1994,JPN,Bronze,1
1994,GER,Gold,3
1994,GER,Silver,2
1994,JPN,Bronze,1
1994,RUS,Gold,3
1994,RUS,Silver,2
1994,GER,Bronze,1
1994,USA,Gold,3
1994,CAN,Silver,2
1994,NOR,Bronze,1
1994,NOR,Gold,3
1994,NOR,Silver,2
1994,SLO,Bronze,1
1994,SWE,Gold,3
1994,SUI,Silver,2
1994,CAN,Bronze,1
1994,USA,Gold,3
1994,NOR,Silver,2
1994,ITA,Bronze,1
1994,GER,Gold,3
1994,USA,Silver,2
1994,AUT,Bronze,1
1994,GER,Gold,3
1994,SUI,Silver,2
1994,SUI,Bronze,1
1994,ITA,Gold,3
1994,GER,Silver,2
1994,SLO,Bronze,1
1994,AUT,Gold,3
1994,ITA,Silver,2
1994,SLO,Bronze,1
1994,SUI,Gold,3
1994,AUT,Silver,2
1994,NOR,Bronze,1
1994,GER,Gold,3
1994,USA,Silver,2
1994,ITA,Bronze,1
1994,USA,Gold,3
1994,RUS,Silver,2
1994,ITA,Bronze,1
1994,NOR,Gold,3
1994,KAZ,Silver,2
1994,RUS,Bronze,1
1994,ITA,Gold,3
1994,RUS,Silver,2
1994,FIN,Bronze,1
1994,ITA,Gold,3
1994,NOR,Silver,2
1994,FIN,Bronze,1
1994,NOR,Gold,3
1994,NOR,Silver,2
1994,FIN,Bronze,1
1994,FIN,Bronze,1
1994,FIN,Bronze,1
1994,FIN,Bronze,1
1994,ITA,Gold,3
1994,ITA,Gold,3
1994,ITA,Gold,3
1994,ITA,Gold,3
1994,NOR,Silver,2
1994,NOR,Silver,2
1994,NOR,Silver,2
1994,NOR,Silver,2
1994,ITA,Bronze,1
1994,ITA,Bronze,1
1994,ITA,Bronze,1
1994,ITA,Bronze,1
1994,RUS,Gold,3
1994,RUS,Gold,3
1994,RUS,Gold,3
1994,RUS,Gold,3
1994,NOR,Silver,2
1994,NOR,Silver,2
1994,NOR,Silver,2
1994,NOR,Silver,2
1994,NOR,Bronze,1
1994,KAZ,Gold,3
1994,FIN,Silver,2
1994,FIN,Bronze,1
1994,RUS,Gold,3
1994,ITA,Silver,2
1994,ITA,Bronze,1
1994,NOR,Gold,3
1994,KAZ,Silver,2
1994,ITA,Bronze,1
1994,RUS,Gold,3
1994,ITA,Silver,2
1994,CAN,Bronze,1
1994,SUI,Gold,3
1994,CAN,Silver,2
1994,NOR,Bronze,1
1994,UZB,Gold,3
1994,SWE,Silver,2
1994,FRA,Bronze,1
1994,CAN,Gold,3
1994,RUS,Silver,2
1994,RUS,Bronze,1
1994,NOR,Gold,3
1994,USA,Silver,2
1994,NOR,Bronze,1
1994,NOR,Gold,3
1994,JPN,Silver,2
1994,SUI,Bronze,1
1994,SUI,Bronze,1
1994,SUI,Bronze,1
1994,JPN,Gold,3
1994,JPN,Gold,3
1994,JPN,Gold,3
1994,NOR,Silver,2
1994,NOR,Silver,2
1994,NOR,Silver,2
1994,AUT,Bronze,1
1994,GER,Gold,3
1994,NOR,Silver,2
1994,AUT,Bronze,1
1994,AUT,Bronze,1
1994,AUT,Bronze,1
1994,AUT,Bronze,1
1994,GER,Gold,3
1994,GER,Gold,3
1994,GER,Gold,3
1994,GER,Gold,3
1994,JPN,Silver,2
1994,JPN,Silver,2
1994,JPN,Silver,2
1994,JPN,Silver,2
1994,GER,Bronze,1
1994,NOR,Gold,3
1994,NOR,Silver,2
1998,FIN,Bronze,1
1998,NOR,Gold,3
1998,NOR,Silver,2
1998,GER,Bronze,1
1998,BUL,Gold,3
1998,UKR,Silver,2
1998,BLR,Bronze,1
1998,NOR,Gold,3
1998,ITA,Silver,2
1998,RUS,Bronze,1
1998,RUS,Bronze,1
1998,RUS,Bronze,1
1998,RUS,Bronze,1
1998,GER,Gold,3
1998,GER,Gold,3
1998,GER,Gold,3
1998,GER,Gold,3
1998,NOR,Silver,2
1998,NOR,Silver,2
1998,NOR,Silver,2
1998,NOR,Silver,2
1998,NOR,Bronze,1
1998,NOR,Bronze,1
1998,NOR,Bronze,1
1998,NOR,Bronze,1
1998,GER,Gold,3
1998,GER,Gold,3
1998,GER,Gold,3
1998,GER,Gold,3
1998,RUS,Silver,2
1998,RUS,Silver,2
1998,RUS,Silver,2
1998,RUS,Silver,2
1998,GER,Bronze,1
1998,RUS,Gold,3
1998,GER,Silver,2
1998,FRA,Bronze,1
1998,FRA,Bronze,1
1998,FRA,Bronze,1
1998,FRA,Bronze,1
1998,GBR,Bronze,1
1998,GBR,Bronze,1
1998,GBR,Bronze,1
1998,GBR,Bronze,1
1998,GER,Gold,3
1998,GER,Gold,3
1998,GER,Gold,3
1998,GER,Gold,3
1998,SUI,Silver,2
1998,SUI,Silver,2
1998,SUI,Silver,2
1998,SUI,Silver,2
1998,GER,Bronze,1
1998,GER,Bronze,1
1998,CAN,Gold,3
1998,CAN,Gold,3
1998,ITA,Gold,3
1998,ITA,Gold,3
1998,NOR,Bronze,1
1998,NOR,Bronze,1
1998,NOR,Bronze,1
1998,NOR,Bronze,1
1998,NOR,Bronze,1
1998,SUI,Gold,3
1998,SUI,Gold,3
1998,SUI,Gold,3
1998,SUI,Gold,3
1998,SUI,Gold,3
1998,CAN,Silver,2
1998,CAN,Silver,2
1998,CAN,Silver,2
1998,CAN,Silver,2
1998,CAN,Silver,2
1998,SWE,Bronze,1
1998,SWE,Bronze,1
1998,SWE,Bronze,1
1998,SWE,Bronze,1
1998,SWE,Bronze,1
1998,CAN,Gold,3
1998,CAN,Gold,3
1998,CAN,Gold,3
1998,CAN,Gold,3
1998,CAN,Gold,3
1998,DEN,Silver,2
1998,DEN,Silver,2
1998,DEN,Silver,2
1998,DEN,Silver,2
1998,DEN,Silver,2
1998,FIN,Bronze,1
1998,FIN,Bronze,1
1998,FIN,Bronze,1
1998,FIN,Bronze,1
1998,FIN,Bronze,1
1998,FIN,Bronze,1
1998,FIN,Bronze,1
1998,FIN,Bronze,1
1998,FIN,Bronze,1
1998,FIN,Bronze,1
1998,FIN,Bronze,1
1998,FIN,Bronze,1
1998,FIN,Bronze,1
1998,FIN,Bronze,1
1998,FIN,Bronze,1
1998,FIN,Bronze,1
1998,FIN,Bronze,1
1998,FIN,Bronze,1
1998,FIN,Bronze,1
1998,FIN,Bronze,1
1998,FIN,Bronze,1
1998,FIN,Bronze,1
1998,FIN,Bronze,1
1998,CZE,Gold,3
1998,CZE,Gold,3
1998,CZE,Gold,3
1998,CZE,Gold,3
1998,CZE,Gold,3
1998,CZE,Gold,3
1998,CZE,Gold,3
1998,CZE,Gold,3
1998,CZE,Gold,3
1998,CZE,Gold,3
1998,CZE,Gold,3
1998,CZE,Gold,3
1998,CZE,Gold,3
1998,CZE,Gold,3
1998,CZE,Gold,3
1998,CZE,Gold,3
1998,CZE,Gold,3
1998,CZE,Gold,3
1998,CZE,Gold,3
1998,CZE,Gold,3
1998,CZE,Gold,3
1998,CZE,Gold,3
1998,RUS,Silver,2
1998,RUS,Silver,2
1998,RUS,Silver,2
1998,RUS,Silver,2
1998,RUS,Silver,2
1998,RUS,Silver,2
1998,RUS,Silver,2
1998,RUS,Silver,2
1998,RUS,Silver,2
1998,RUS,Silver,2
1998,RUS,Silver,2
1998,RUS,Silver,2
1998,RUS,Silver,2
1998,RUS,Silver,2
1998,RUS,Silver,2
1998,RUS,Silver,2
1998,RUS,Silver,2
1998,RUS,Silver,2
1998,RUS,Silver,2
1998,RUS,Silver,2
1998,RUS,Silver,2
1998,RUS,Silver,2
1998,RUS,Silver,2
1998,FIN,Bronze,1
1998,FIN,Bronze,1
1998,FIN,Bronze,1
1998,FIN,Bronze,1
1998,FIN,Bronze,1
1998,FIN,Bronze,1
1998,FIN,Bronze,1
1998,FIN,Bronze,1
1998,FIN,Bronze,1
1998,FIN,Bronze,1
1998,FIN,Bronze,1
1998,FIN,Bronze,1
1998,FIN,Bronze,1
1998,FIN,Bronze,1
1998,FIN,Bronze,1
1998,FIN,Bronze,1
1998,FIN,Bronze,1
1998,FIN,Bronze,1
1998,FIN,Bronze,1
1998,FIN,Bronze,1
1998,USA,Gold,3
1998,USA,Gold,3
1998,USA,Gold,3
1998,USA,Gold,3
1998,USA,Gold,3
1998,USA,Gold,3
1998,USA,Gold,3
1998,USA,Gold,3
1998,USA,Gold,3
1998,USA,Gold,3
1998,USA,Gold,3
1998,USA,Gold,3
1998,USA,Gold,3
1998,USA,Gold,3
1998,USA,Gold,3
1998,USA,Gold,3
1998,USA,Gold,3
1998,USA,Gold,3
1998,USA,Gold,3
1998,USA,Gold,3
1998,CAN,Silver,2
1998,CAN,Silver,2
1998,CAN,Silver,2
1998,CAN,Silver,2
1998,CAN,Silver,2
1998,CAN,Silver,2
1998,CAN,Silver,2
1998,CAN,Silver,2
1998,CAN,Silver,2
1998,CAN,Silver,2
1998,CAN,Silver,2
1998,CAN,Silver,2
1998,CAN,Silver,2
1998,CAN,Silver,2
1998,CAN,Silver,2
1998,CAN,Silver,2
1998,CAN,Silver,2
1998,CAN,Silver,2
1998,CAN,Silver,2
1998,CAN,Silver,2
1998,USA,Bronze,1
1998,USA,Bronze,1
1998,GER,Gold,3
1998,GER,Gold,3
1998,USA,Silver,2
1998,USA,Silver,2
1998,GER,Bronze,1
1998,GER,Gold,3
1998,ITA,Silver,2
1998,AUT,Bronze,1
1998,GER,Gold,3
1998,GER,Silver,2
1998,FRA,Bronze,1
1998,FRA,Bronze,1
1998,RUS,Gold,3
1998,RUS,Gold,3
1998,RUS,Silver,2
1998,RUS,Silver,2
1998,FRA,Bronze,1
1998,RUS,Gold,3
1998,CAN,Silver,2
1998,CHN,Bronze,1
1998,USA,Gold,3
1998,USA,Silver,2
1998,GER,Bronze,1
1998,GER,Bronze,1
1998,RUS,Gold,3
1998,RUS,Gold,3
1998,RUS,Silver,2
1998,RUS,Silver,2
1998,CAN,Bronze,1
1998,KOR,Gold,3
1998,CHN,Silver,2
1998,KOR,Bronze,1
1998,KOR,Gold,3
1998,CHN,Silver,2
1998,CAN,Bronze,1
1998,CAN,Bronze,1
1998,CAN,Bronze,1
1998,CAN,Bronze,1
1998,KOR,Gold,3
1998,KOR,Gold,3
1998,KOR,Gold,3
1998,KOR,Gold,3
1998,CHN,Silver,2
1998,CHN,Silver,2
1998,CHN,Silver,2
1998,CHN,Silver,2
1998,CHN,Bronze,1
1998,CHN,Bronze,1
1998,CHN,Bronze,1
1998,CHN,Bronze,1
1998,CAN,Gold,3
1998,CAN,Gold,3
1998,CAN,Gold,3
1998,CAN,Gold,3
1998,KOR,Silver,2
1998,KOR,Silver,2
1998,KOR,Silver,2
1998,KOR,Silver,2
1998,JPN,Bronze,1
1998,JPN,Gold,3
1998,CHN,Silver,2
1998,KOR,Bronze,1
1998,CAN,Gold,3
1998,CHN,Silver,2
1998,NED,Bronze,1
1998,NED,Gold,3
1998,NED,Silver,2
1998,JPN,Bronze,1
1998,NED,Gold,3
1998,NED,Silver,2
1998,CAN,Bronze,1
1998,NED,Gold,3
1998,USA,Silver,2
1998,NED,Bronze,1
1998,NOR,Gold,3
1998,NED,Silver,2
1998,USA,Bronze,1
1998,NED,Gold,3
1998,GER,Silver,2
1998,GER,Bronze,1
1998,GER,Gold,3
1998,GER,Silver,2
1998,BEL,Bronze,1
1998,NED,Gold,3
1998,NED,Silver,2
1998,KAZ,Bronze,1
1998,GER,Gold,3
1998,GER,Silver,2
1998,CAN,Bronze,1
1998,JPN,Gold,3
1998,CAN,Silver,2
1998,JPN,Bronze,1
1998,CAN,Gold,3
1998,CAN,Silver,2
1998,AUT,Bronze,1
1998,AUT,Gold,3
1998,NOR,Silver,2
1998,GER,Bronze,1
1998,GER,Gold,3
1998,GER,Silver,2
1998,AUT,Bronze,1
1998,FRA,Gold,3
1998,NOR,Silver,2
1998,FRA,Bronze,1
1998,GER,Gold,3
1998,SWE,Silver,2
1998,SUI,Bronze,1
1998,AUT,Gold,3
1998,AUT,Silver,2
1998,GER,Bronze,1
1998,ITA,Gold,3
1998,AUT,Silver,2
1998,AUT,Bronze,1
1998,NOR,Gold,3
1998,NOR,Silver,2
1998,AUS,Bronze,1
1998,GER,Gold,3
1998,ITA,Silver,2
1998,AUT,Gold,3
1998,AUT,Silver,2
1998,SUI,Silver,2
1998,AUT,Bronze,1
1998,USA,Gold,3
1998,AUT,Silver,2
1998,FIN,Bronze,1
1998,NOR,Gold,3
1998,AUT,Silver,2
1998,NOR,Bronze,1
1998,RUS,Gold,3
1998,RUS,Silver,2
1998,RUS,Bronze,1
1998,RUS,Gold,3
1998,ITA,Silver,2
1998,ITA,Bronze,1
1998,FIN,Gold,3
1998,NOR,Silver,2
1998,FIN,Bronze,1
1998,FIN,Bronze,1
1998,FIN,Bronze,1
1998,FIN,Bronze,1
1998,NOR,Gold,3
1998,NOR,Gold,3
1998,NOR,Gold,3
1998,NOR,Gold,3
1998,ITA,Silver,2
1998,ITA,Silver,2
1998,ITA,Silver,2
1998,ITA,Silver,2
1998,ITA,Bronze,1
1998,ITA,Bronze,1
1998,ITA,Bronze,1
1998,ITA,Bronze,1
1998,RUS,Gold,3
1998,RUS,Gold,3
1998,RUS,Gold,3
1998,RUS,Gold,3
1998,NOR,Silver,2
1998,NOR,Silver,2
1998,NOR,Silver,2
1998,NOR,Silver,2
1998,AUT,Bronze,1
1998,NOR,Gold,3
1998,SWE,Silver,2
1998,NOR,Bronze,1
1998,RUS,Gold,3
1998,CZE,Silver,2
1998,KAZ,Bronze,1
1998,NOR,Gold,3
1998,NOR,Silver,2
1998,CZE,Bronze,1
1998,RUS,Gold,3
1998,RUS,Silver,2
1998,BLR,Bronze,1
1998,USA,Gold,3
1998,FRA,Silver,2
1998,SUI,Bronze,1
1998,USA,Gold,3
1998,CHN,Silver,2
1998,FIN,Bronze,1
1998,USA,Gold,3
1998,FIN,Silver,2
1998,NOR,Bronze,1
1998,JPN,Gold,3
1998,GER,Silver,2
1998,RUS,Bronze,1
1998,NOR,Gold,3
1998,FIN,Silver,2
1998,FRA,Bronze,1
1998,FRA,Bronze,1
1998,FRA,Bronze,1
1998,FRA,Bronze,1
1998,NOR,Gold,3
1998,NOR,Gold,3
1998,NOR,Gold,3
1998,NOR,Gold,3
1998,FIN,Silver,2
1998,FIN,Silver,2
1998,FIN,Silver,2
1998,FIN,Silver,2
1998,JPN,Bronze,1
1998,JPN,Gold,3
1998,FIN,Silver,2
1998,AUT,Bronze,1
1998,AUT,Bronze,1
1998,AUT,Bronze,1
1998,AUT,Bronze,1
1998,JPN,Gold,3
1998,JPN,Gold,3
1998,JPN,Gold,3
1998,JPN,Gold,3
1998,GER,Silver,2
1998,GER,Silver,2
1998,GER,Silver,2
1998,GER,Silver,2
1998,AUT,Bronze,1
1998,FIN,Gold,3
1998,JPN,Silver,2
1998,SUI,Bronze,1
1998,CAN,Gold,3
1998,ITA,Silver,2
1998,AUT,Bronze,1
1998,FRA,Gold,3
1998,GER,Silver,2
1998,USA,Bronze,1
1998,SUI,Gold,3
1998,NOR,Silver,2
1998,USA,Bronze,1
1998,GER,Gold,3
1998,NOR,Silver,2
2002,AUT,Bronze,1
2002,NOR,Gold,3
2002,GER,Silver,2
2002,BUL,Bronze,1
2002,RUS,Gold,3
2002,GER,Silver,2
2002,GER,Bronze,1
2002,NOR,Gold,3
2002,FRA,Silver,2
2002,SWE,Bronze,1
2002,GER,Gold,3
2002,NOR,Silver,2
2002,RUS,Bronze,1
2002,NOR,Gold,3
2002,GER,Silver,2
2002,FRA,Bronze,1
2002,FRA,Bronze,1
2002,FRA,Bronze,1
2002,FRA,Bronze,1
2002,NOR,Gold,3
2002,NOR,Gold,3
2002,NOR,Gold,3
2002,NOR,Gold,3
2002,GER,Silver,2
2002,GER,Silver,2
2002,GER,Silver,2
2002,GER,Silver,2
2002,RUS,Bronze,1
2002,RUS,Bronze,1
2002,RUS,Bronze,1
2002,RUS,Bronze,1
2002,GER,Gold,3
2002,GER,Gold,3
2002,GER,Gold,3
2002,GER,Gold,3
2002,NOR,Silver,2
2002,NOR,Silver,2
2002,NOR,Silver,2
2002,NOR,Silver,2
2002,SWE,Bronze,1
2002,GER,Gold,3
2002,GER,Silver,2
2002,USA,Bronze,1
2002,USA,Bronze,1
2002,USA,Bronze,1
2002,USA,Bronze,1
2002,GER,Gold,3
2002,GER,Gold,3
2002,GER,Gold,3
2002,GER,Gold,3
2002,USA,Silver,2
2002,USA,Silver,2
2002,USA,Silver,2
2002,USA,Silver,2
2002,SUI,Bronze,1
2002,SUI,Bronze,1
2002,GER,Gold,3
2002,GER,Gold,3
2002,SUI,Silver,2
2002,SUI,Silver,2
2002,GER,Bronze,1
2002,GER,Bronze,1
2002,USA,Gold,3
2002,USA,Gold,3
2002,GER,Silver,2
2002,GER,Silver,2
2002,SUI,Bronze,1
2002,USA,Gold,3
2002,AUT,Silver,2
2002,GBR,Bronze,1
2002,USA,Gold,3
2002,USA,Silver,2
2002,SUI,Bronze,1
2002,SUI,Bronze,1
2002,SUI,Bronze,1
2002,SUI,Bronze,1
2002,SUI,Bronze,1
2002,NOR,Gold,3
2002,NOR,Gold,3
2002,NOR,Gold,3
2002,NOR,Gold,3
2002,NOR,Gold,3
2002,CAN,Silver,2
2002,CAN,Silver,2
2002,CAN,Silver,2
2002,CAN,Silver,2
2002,CAN,Silver,2
2002,CAN,Bronze,1
2002,CAN,Bronze,1
2002,CAN,Bronze,1
2002,CAN,Bronze,1
2002,CAN,Bronze,1
2002,GBR,Gold,3
2002,GBR,Gold,3
2002,GBR,Gold,3
2002,GBR,Gold,3
2002,GBR,Gold,3
2002,SUI,Silver,2
2002,SUI,Silver,2
2002,SUI,Silver,2
2002,SUI,Silver,2
2002,SUI,Silver,2
2002,RUS,Bronze,1
2002,RUS,Bronze,1
2002,RUS,Bronze,1
2002,RUS,Bronze,1
2002,RUS,Bronze,1
2002,RUS,Bronze,1
2002,RUS,Bronze,1
2002,RUS,Bronze,1
2002,RUS,Bronze,1
2002,RUS,Bronze,1
2002,RUS,Bronze,1
2002,RUS,Bronze,1
2002,RUS,Bronze,1
2002,RUS,Bronze,1
2002,RUS,Bronze,1
2002,RUS,Bronze,1
2002,RUS,Bronze,1
2002,RUS,Bronze,1
2002,RUS,Bronze,1
2002,RUS,Bronze,1
2002,RUS,Bronze,1
2002,RUS,Bronze,1
2002,RUS,Bronze,1
2002,CAN,Gold,3
2002,CAN,Gold,3
2002,CAN,Gold,3
2002,CAN,Gold,3
2002,CAN,Gold,3
2002,CAN,Gold,3
2002,CAN,Gold,3
2002,CAN,Gold,3
2002,CAN,Gold,3
2002,CAN,Gold,3
2002,CAN,Gold,3
2002,CAN,Gold,3
2002,CAN,Gold,3
2002,CAN,Gold,3
2002,CAN,Gold,3
2002,CAN,Gold,3
2002,CAN,Gold,3
2002,CAN,Gold,3
2002,CAN,Gold,3
2002,CAN,Gold,3
2002,CAN,Gold,3
2002,CAN,Gold,3
2002,CAN,Gold,3
2002,USA,Silver,2
2002,USA,Silver,2
2002,USA,Silver,2
2002,USA,Silver,2
2002,USA,Silver,2
2002,USA,Silver,2
2002,USA,Silver,2
2002,USA,Silver,2
2002,USA,Silver,2
2002,USA,Silver,2
2002,USA,Silver,2
2002,USA,Silver,2
2002,USA,Silver,2
2002,USA,Silver,2
2002,USA,Silver,2
2002,USA,Silver,2
2002,USA,Silver,2
2002,USA,Silver,2
2002,USA,Silver,2
2002,USA,Silver,2
2002,USA,Silver,2
2002,USA,Silver,2
2002,USA,Silver,2
2002,SWE,Bronze,1
2002,SWE,Bronze,1
2002,SWE,Bronze,1
2002,SWE,Bronze,1
2002,SWE,Bronze,1
2002,SWE,Bronze,1
2002,SWE,Bronze,1
2002,SWE,Bronze,1
2002,SWE,Bronze,1
2002,SWE,Bronze,1
2002,SWE,Bronze,1
2002,SWE,Bronze,1
2002,SWE,Bronze,1
2002,SWE,Bronze,1
2002,SWE,Bronze,1
2002,SWE,Bronze,1
2002,SWE,Bronze,1
2002,SWE,Bronze,1
2002,SWE,Bronze,1
2002,SWE,Bronze,1
2002,CAN,Gold,3
2002,CAN,Gold,3
2002,CAN,Gold,3
2002,CAN,Gold,3
2002,CAN,Gold,3
2002,CAN,Gold,3
2002,CAN,Gold,3
2002,CAN,Gold,3
2002,CAN,Gold,3
2002,CAN,Gold,3
2002,CAN,Gold,3
2002,CAN,Gold,3
2002,CAN,Gold,3
2002,CAN,Gold,3
2002,CAN,Gold,3
2002,CAN,Gold,3
2002,CAN,Gold,3
2002,CAN,Gold,3
2002,CAN,Gold,3
2002,CAN,Gold,3
2002,USA,Silver,2
2002,USA,Silver,2
2002,USA,Silver,2
2002,USA,Silver,2
2002,USA,Silver,2
2002,USA,Silver,2
2002,USA,Silver,2
2002,USA,Silver,2
2002,USA,Silver,2
2002,USA,Silver,2
2002,USA,Silver,2
2002,USA,Silver,2
2002,USA,Silver,2
2002,USA,Silver,2
2002,USA,Silver,2
2002,USA,Silver,2
2002,USA,Silver,2
2002,USA,Silver,2
2002,USA,Silver,2
2002,USA,Silver,2
2002,USA,Bronze,1
2002,USA,Bronze,1
2002,GER,Gold,3
2002,GER,Gold,3
2002,USA,Silver,2
2002,USA,Silver,2
2002,AUT,Bronze,1
2002,ITA,Gold,3
2002,GER,Silver,2
2002,GER,Bronze,1
2002,GER,Gold,3
2002,GER,Silver,2
2002,ITA,Bronze,1
2002,ITA,Bronze,1
2002,FRA,Gold,3
2002,FRA,Gold,3
2002,RUS,Silver,2
2002,RUS,Silver,2
2002,USA,Bronze,1
2002,RUS,Gold,3
2002,RUS,Silver,2
2002,USA,Bronze,1
2002,USA,Gold,3
2002,RUS,Silver,2
2002,CHN,Bronze,1
2002,CHN,Bronze,1
2002,CAN,Gold,3
2002,CAN,Gold,3
2002,RUS,Gold,3
2002,RUS,Gold,3
2002,CAN,Bronze,1
2002,AUS,Gold,3
2002,USA,Silver,2
2002,CHN,Bronze,1
2002,CHN,Gold,3
2002,KOR,Silver,2
2002,CAN,Bronze,1
2002,USA,Gold,3
2002,CHN,Silver,2
2002,BUL,Bronze,1
2002,KOR,Gold,3
2002,KOR,Silver,2
2002,CAN,Bronze,1
2002,CAN,Bronze,1
2002,CAN,Bronze,1
2002,CAN,Bronze,1
2002,CAN,Bronze,1
2002,KOR,Gold,3
2002,KOR,Gold,3
2002,KOR,Gold,3
2002,KOR,Gold,3
2002,CHN,Silver,2
2002,CHN,Silver,2
2002,CHN,Silver,2
2002,CHN,Silver,2
2002,CHN,Bronze,1
2002,CHN,Bronze,1
2002,CHN,Bronze,1
2002,CHN,Bronze,1
2002,CHN,Bronze,1
2002,CAN,Gold,3
2002,CAN,Gold,3
2002,CAN,Gold,3
2002,CAN,Gold,3
2002,CAN,Gold,3
2002,ITA,Silver,2
2002,ITA,Silver,2
2002,ITA,Silver,2
2002,ITA,Silver,2
2002,ITA,Silver,2
2002,USA,Bronze,1
2002,CAN,Gold,3
2002,CAN,Silver,2
2002,CHN,Bronze,1
2002,CHN,Gold,3
2002,BUL,Silver,2
2002,NOR,Bronze,1
2002,NED,Gold,3
2002,NED,Silver,2
2002,USA,Bronze,1
2002,NED,Gold,3
2002,NED,Silver,2
2002,USA,Bronze,1
2002,USA,Gold,3
2002,GER,Silver,2
2002,NOR,Bronze,1
2002,USA,Gold,3
2002,NED,Silver,2
2002,USA,Bronze,1
2002,GER,Gold,3
2002,GER,Silver,2
2002,CAN,Bronze,1
2002,GER,Gold,3
2002,NED,Silver,2
2002,GER,Bronze,1
2002,NED,Gold,3
2002,USA,Silver,2
2002,CAN,Bronze,1
2002,GER,Gold,3
2002,NED,Silver,2
2002,USA,Bronze,1
2002,USA,Gold,3
2002,JPN,Silver,2
2002,GER,Bronze,1
2002,CAN,Gold,3
2002,GER,Silver,2
2002,AUT,Bronze,1
2002,NOR,Gold,3
2002,USA,Silver,2
2002,GER,Bronze,1
2002,CRO,Gold,3
2002,AUT,Silver,2
2002,AUT,Bronze,1
2002,AUT,Gold,3
2002,NOR,Silver,2
2002,AUT,Bronze,1
2002,FRA,Gold,3
2002,ITA,Silver,2
2002,NOR,Bronze,1
2002,AUT,Gold,3
2002,USA,Silver,2
2002,SUI,Bronze,1
2002,CRO,Gold,3
2002,SWE,Silver,2
2002,AUT,Bronze,1
2002,FRA,Gold,3
2002,FRA,Silver,2
2002,SWE,Bronze,1
2002,CRO,Gold,3
2002,FRA,Silver,2
2002,AUT,Bronze,1
2002,NOR,Gold,3
2002,AUT,Silver,2
2002,ITA,Bronze,1
2002,ITA,Gold,3
2002,CRO,Silver,2
2002,ITA,Bronze,1
2002,NOR,Gold,3
2002,RUS,Silver,2
2002,SWE,Bronze,1
2002,NOR,Gold,3
2002,NOR,Gold,3
2002,EST,Bronze,1
2002,EST,Gold,3
2002,NOR,Silver,2
2002,RUS,Bronze,1
2002,ITA,Gold,3
2002,CZE,Silver,2
2002,NOR,Bronze,1
2002,ITA,Gold,3
2002,ITA,Silver,2
2002,NOR,Bronze,1
2002,AUT,Gold,3
2002,AUT,Silver,2
2002,GER,Bronze,1
2002,GER,Bronze,1
2002,GER,Bronze,1
2002,GER,Bronze,1
2002,NOR,Gold,3
2002,NOR,Gold,3
2002,NOR,Gold,3
2002,NOR,Gold,3
2002,ITA,Silver,2
2002,ITA,Silver,2
2002,ITA,Silver,2
2002,ITA,Silver,2
2002,SUI,Bronze,1
2002,SUI,Bronze,1
2002,SUI,Bronze,1
2002,SUI,Bronze,1
2002,GER,Gold,3
2002,GER,Gold,3
2002,GER,Gold,3
2002,GER,Gold,3
2002,NOR,Silver,2
2002,NOR,Silver,2
2002,NOR,Silver,2
2002,NOR,Silver,2
2002,NOR,Bronze,1
2002,RUS,Gold,3
2002,EST,Silver,2
2002,GER,Bronze,1
2002,CAN,Gold,3
2002,CZE,Silver,2
2002,ITA,Bronze,1
2002,NOR,Gold,3
2002,GER,Silver,2
2002,NOR,Bronze,1
2002,RUS,Gold,3
2002,GER,Silver,2
2002,BLR,Bronze,1
2002,CZE,Gold,3
2002,USA,Silver,2
2002,CAN,Bronze,1
2002,AUS,Gold,3
2002,CAN,Silver,2
2002,FRA,Bronze,1
2002,FIN,Gold,3
2002,USA,Silver,2
2002,JPN,Bronze,1
2002,NOR,Gold,3
2002,USA,Silver,2
2002,AUT,Bronze,1
2002,FIN,Gold,3
2002,FIN,Silver,2
2002,AUT,Bronze,1
2002,FIN,Gold,3
2002,GER,Silver,2
2002,AUT,Bronze,1
2002,AUT,Bronze,1
2002,AUT,Bronze,1
2002,AUT,Bronze,1
2002,FIN,Gold,3
2002,FIN,Gold,3
2002,FIN,Gold,3
2002,FIN,Gold,3
2002,GER,Silver,2
2002,GER,Silver,2
2002,GER,Silver,2
2002,GER,Silver,2
2002,FIN,Bronze,1
2002,SUI,Gold,3
2002,POL,Silver,2
2002,SLO,Bronze,1
2002,SLO,Bronze,1
2002,SLO,Bronze,1
2002,SLO,Bronze,1
2002,GER,Gold,3
2002,GER,Gold,3
2002,GER,Gold,3
2002,GER,Gold,3
2002,FIN,Silver,2
2002,FIN,Silver,2
2002,FIN,Silver,2
2002,FIN,Silver,2
2002,POL,Bronze,1
2002,SUI,Gold,3
2002,GER,Silver,2
2002,USA,Bronze,1
2002,SUI,Gold,3
2002,SWE,Silver,2
2002,ITA,Bronze,1
2002,FRA,Gold,3
2002,FRA,Silver,2
2002,USA,Bronze,1
2002,USA,Gold,3
2002,USA,Silver,2
2002,SUI,Bronze,1
2002,USA,Gold,3
2002,FRA,Silver,2
2006,NOR,Bronze,1
2006,GER,Gold,3
2006,NOR,Silver,2
2006,RUS,Bronze,1
2006,GER,Gold,3
2006,GER,Silver,2
2006,GER,Bronze,1
2006,SWE,Gold,3
2006,GER,Silver,2
2006,GER,Bronze,1
2006,FRA,Gold,3
2006,NOR,Silver,2
2006,RUS,Bronze,1
2006,RUS,Gold,3
2006,GER,Silver,2
2006,NOR,Bronze,1
2006,GER,Gold,3
2006,POL,Silver,2
2006,NOR,Bronze,1
2006,GER,Gold,3
2006,NOR,Silver,2
2006,FRA,Bronze,1
2006,FRA,Bronze,1
2006,FRA,Bronze,1
2006,FRA,Bronze,1
2006,RUS,Gold,3
2006,RUS,Gold,3
2006,RUS,Gold,3
2006,RUS,Gold,3
2006,GER,Silver,2
2006,GER,Silver,2
2006,GER,Silver,2
2006,GER,Silver,2
2006,FRA,Bronze,1
2006,FRA,Bronze,1
2006,FRA,Bronze,1
2006,FRA,Bronze,1
2006,GER,Gold,3
2006,GER,Gold,3
2006,GER,Gold,3
2006,GER,Gold,3
2006,RUS,Silver,2
2006,RUS,Silver,2
2006,RUS,Silver,2
2006,RUS,Silver,2
2006,UKR,Bronze,1
2006,FRA,Gold,3
2006,SWE,Silver,2
2006,SUI,Bronze,1
2006,SUI,Bronze,1
2006,SUI,Bronze,1
2006,SUI,Bronze,1
2006,GER,Gold,3
2006,GER,Gold,3
2006,GER,Gold,3
2006,GER,Gold,3
2006,RUS,Silver,2
2006,RUS,Silver,2
2006,RUS,Silver,2
2006,RUS,Silver,2
2006,SUI,Bronze,1
2006,SUI,Bronze,1
2006,GER,Gold,3
2006,GER,Gold,3
2006,CAN,Silver,2
2006,CAN,Silver,2
2006,ITA,Bronze,1
2006,ITA,Bronze,1
2006,GER,Gold,3
2006,GER,Gold,3
2006,USA,Silver,2
2006,USA,Silver,2
2006,SUI,Bronze,1
2006,CAN,Gold,3
2006,CAN,Silver,2
2006,CAN,Bronze,1
2006,SUI,Gold,3
2006,GBR,Silver,2
2006,USA,Bronze,1
2006,USA,Bronze,1
2006,USA,Bronze,1
2006,USA,Bronze,1
2006,USA,Bronze,1
2006,CAN,Gold,3
2006,CAN,Gold,3
2006,CAN,Gold,3
2006,CAN,Gold,3
2006,CAN,Gold,3
2006,FIN,Silver,2
2006,FIN,Silver,2
2006,FIN,Silver,2
2006,FIN,Silver,2
2006,FIN,Silver,2
2006,CAN,Bronze,1
2006,CAN,Bronze,1
2006,CAN,Bronze,1
2006,CAN,Bronze,1
2006,CAN,Bronze,1
2006,SWE,Gold,3
2006,SWE,Gold,3
2006,SWE,Gold,3
2006,SWE,Gold,3
2006,SWE,Gold,3
2006,SUI,Silver,2
2006,SUI,Silver,2
2006,SUI,Silver,2
2006,SUI,Silver,2
2006,SUI,Silver,2
2006,CZE,Bronze,1
2006,CZE,Bronze,1
2006,CZE,Bronze,1
2006,CZE,Bronze,1
2006,CZE,Bronze,1
2006,CZE,Bronze,1
2006,CZE,Bronze,1
2006,CZE,Bronze,1
2006,CZE,Bronze,1
2006,CZE,Bronze,1
2006,CZE,Bronze,1
2006,CZE,Bronze,1
2006,CZE,Bronze,1
2006,CZE,Bronze,1
2006,CZE,Bronze,1
2006,CZE,Bronze,1
2006,CZE,Bronze,1
2006,CZE,Bronze,1
2006,CZE,Bronze,1
2006,CZE,Bronze,1
2006,CZE,Bronze,1
2006,CZE,Bronze,1
2006,CZE,Bronze,1
2006,CZE,Bronze,1
2006,CZE,Bronze,1
2006,SWE,Gold,3
2006,SWE,Gold,3
2006,SWE,Gold,3
2006,SWE,Gold,3
2006,SWE,Gold,3
2006,SWE,Gold,3
2006,SWE,Gold,3
2006,SWE,Gold,3
2006,SWE,Gold,3
2006,SWE,Gold,3
2006,SWE,Gold,3
2006,SWE,Gold,3
2006,SWE,Gold,3
2006,SWE,Gold,3
2006,SWE,Gold,3
2006,SWE,Gold,3
2006,SWE,Gold,3
2006,SWE,Gold,3
2006,SWE,Gold,3
2006,SWE,Gold,3
2006,SWE,Gold,3
2006,SWE,Gold,3
2006,SWE,Gold,3
2006,SWE,Gold,3
2006,FIN,Silver,2
2006,FIN,Silver,2
2006,FIN,Silver,2
2006,FIN,Silver,2
2006,FIN,Silver,2
2006,FIN,Silver,2
2006,FIN,Silver,2
2006,FIN,Silver,2
2006,FIN,Silver,2
2006,FIN,Silver,2
2006,FIN,Silver,2
2006,FIN,Silver,2
2006,FIN,Silver,2
2006,FIN,Silver,2
2006,FIN,Silver,2
2006,FIN,Silver,2
2006,FIN,Silver,2
2006,FIN,Silver,2
2006,FIN,Silver,2
2006,FIN,Silver,2
2006,FIN,Silver,2
2006,FIN,Silver,2
2006,FIN,Silver,2
2006,FIN,Silver,2
2006,USA,Bronze,1
2006,USA,Bronze,1
2006,USA,Bronze,1
2006,USA,Bronze,1
2006,USA,Bronze,1
2006,USA,Bronze,1
2006,USA,Bronze,1
2006,USA,Bronze,1
2006,USA,Bronze,1
2006,USA,Bronze,1
2006,USA,Bronze,1
2006,USA,Bronze,1
2006,USA,Bronze,1
2006,USA,Bronze,1
2006,USA,Bronze,1
2006,USA,Bronze,1
2006,USA,Bronze,1
2006,USA,Bronze,1
2006,USA,Bronze,1
2006,USA,Bronze,1
2006,CAN,Gold,3
2006,CAN,Gold,3
2006,CAN,Gold,3
2006,CAN,Gold,3
2006,CAN,Gold,3
2006,CAN,Gold,3
2006,CAN,Gold,3
2006,CAN,Gold,3
2006,CAN,Gold,3
2006,CAN,Gold,3
2006,CAN,Gold,3
2006,CAN,Gold,3
2006,CAN,Gold,3
2006,CAN,Gold,3
2006,CAN,Gold,3
2006,CAN,Gold,3
2006,CAN,Gold,3
2006,CAN,Gold,3
2006,CAN,Gold,3
2006,SWE,Silver,2
2006,SWE,Silver,2
2006,SWE,Silver,2
2006,SWE,Silver,2
2006,SWE,Silver,2
2006,SWE,Silver,2
2006,SWE,Silver,2
2006,SWE,Silver,2
2006,SWE,Silver,2
2006,SWE,Silver,2
2006,SWE,Silver,2
2006,SWE,Silver,2
2006,SWE,Silver,2
2006,SWE,Silver,2
2006,SWE,Silver,2
2006,SWE,Silver,2
2006,SWE,Silver,2
2006,SWE,Silver,2
2006,SWE,Silver,2
2006,SWE,Silver,2
2006,ITA,Bronze,1
2006,ITA,Bronze,1
2006,AUT,Gold,3
2006,AUT,Gold,3
2006,GER,Silver,2
2006,GER,Silver,2
2006,LAT,Bronze,1
2006,ITA,Gold,3
2006,RUS,Silver,2
2006,GER,Bronze,1
2006,GER,Gold,3
2006,GER,Silver,2
2006,UKR,Bronze,1
2006,UKR,Bronze,1
2006,RUS,Gold,3
2006,RUS,Gold,3
2006,USA,Silver,2
2006,USA,Silver,2
2006,CAN,Bronze,1
2006,RUS,Gold,3
2006,SUI,Silver,2
2006,RUS,Bronze,1
2006,JPN,Gold,3
2006,USA,Silver,2
2006,CHN,Bronze,1
2006,CHN,Bronze,1
2006,RUS,Gold,3
2006,RUS,Gold,3
2006,CHN,Silver,2
2006,CHN,Silver,2
2006,USA,Bronze,1
2006,KOR,Gold,3
2006,KOR,Silver,2
2006,CHN,Bronze,1
2006,KOR,Gold,3
2006,CHN,Silver,2
2006,CHN,Bronze,1
2006,KOR,Gold,3
2006,KOR,Silver,2
2006,CHN,Bronze,1
2006,KOR,Gold,3
2006,KOR,Silver,2
2006,ITA,Bronze,1
2006,ITA,Bronze,1
2006,ITA,Bronze,1
2006,ITA,Bronze,1
2006,KOR,Gold,3
2006,KOR,Gold,3
2006,KOR,Gold,3
2006,KOR,Gold,3
2006,KOR,Gold,3
2006,CAN,Silver,2
2006,CAN,Silver,2
2006,CAN,Silver,2
2006,CAN,Silver,2
2006,CAN,Silver,2
2006,USA,Bronze,1
2006,USA,Bronze,1
2006,USA,Bronze,1
2006,USA,Bronze,1
2006,KOR,Gold,3
2006,KOR,Gold,3
2006,KOR,Gold,3
2006,KOR,Gold,3
2006,KOR,Gold,3
2006,CAN,Silver,2
2006,CAN,Silver,2
2006,CAN,Silver,2
2006,CAN,Silver,2
2006,CAN,Silver,2
2006,KOR,Bronze,1
2006,USA,Gold,3
2006,CAN,Silver,2
2006,CAN,Bronze,1
2006,CHN,Gold,3
2006,BUL,Silver,2
2006,NED,Bronze,1
2006,NED,Gold,3
2006,USA,Silver,2
2006,NED,Bronze,1
2006,USA,Gold,3
2006,USA,Silver,2
2006,GER,Bronze,1
2006,NED,Gold,3
2006,CAN,Silver,2
2006,USA,Bronze,1
2006,ITA,Gold,3
2006,USA,Silver,2
2006,NED,Bronze,1
2006,CAN,Gold,3
2006,CAN,Silver,2
2006,CAN,Bronze,1
2006,NED,Gold,3
2006,NED,Silver,2
2006,ITA,Bronze,1
2006,USA,Gold,3
2006,NED,Silver,2
2006,CAN,Bronze,1
2006,CAN,Gold,3
2006,GER,Silver,2
2006,KOR,Bronze,1
2006,USA,Gold,3
2006,RUS,Silver,2
2006,CHN,Bronze,1
2006,RUS,Gold,3
2006,CHN,Silver,2
2006,NED,Bronze,1
2006,NED,Bronze,1
2006,NED,Bronze,1
2006,NED,Bronze,1
2006,NED,Bronze,1
2006,ITA,Gold,3
2006,ITA,Gold,3
2006,ITA,Gold,3
2006,ITA,Gold,3
2006,CAN,Silver,2
2006,CAN,Silver,2
2006,CAN,Silver,2
2006,CAN,Silver,2
2006,CAN,Silver,2
2006,RUS,Bronze,1
2006,RUS,Bronze,1
2006,RUS,Bronze,1
2006,RUS,Bronze,1
2006,RUS,Bronze,1
2006,GER,Gold,3
2006,GER,Gold,3
2006,GER,Gold,3
2006,GER,Gold,3
2006,GER,Gold,3
2006,CAN,Silver,2
2006,CAN,Silver,2
2006,CAN,Silver,2
2006,CAN,Silver,2
2006,CAN,Silver,2
2006,AUT,Bronze,1
2006,USA,Gold,3
2006,CRO,Silver,2
2006,SWE,Bronze,1
2006,CRO,Gold,3
2006,AUT,Silver,2
2006,SUI,Bronze,1
2006,FRA,Gold,3
2006,AUT,Silver,2
2006,SWE,Bronze,1
2006,AUT,Gold,3
2006,SUI,Silver,2
2006,AUT,Bronze,1
2006,AUT,Gold,3
2006,FRA,Silver,2
2006,SWE,Bronze,1
2006,USA,Gold,3
2006,FIN,Silver,2
2006,AUT,Bronze,1
2006,AUT,Gold,3
2006,AUT,Silver,2
2006,AUT,Bronze,1
2006,SWE,Gold,3
2006,AUT,Silver,2
2006,SUI,Bronze,1
2006,NOR,Gold,3
2006,AUT,Silver,2
2006,AUT,Bronze,1
2006,AUT,Gold,3
2006,CRO,Silver,2
2006,NOR,Bronze,1
2006,EST,Gold,3
2006,NOR,Silver,2
2006,GER,Bronze,1
2006,EST,Gold,3
2006,CZE,Silver,2
2006,POL,Bronze,1
2006,CZE,Gold,3
2006,RUS,Silver,2
2006,SWE,Bronze,1
2006,SWE,Bronze,1
2006,SWE,Bronze,1
2006,SWE,Bronze,1
2006,ITA,Gold,3
2006,ITA,Gold,3
2006,ITA,Gold,3
2006,ITA,Gold,3
2006,GER,Silver,2
2006,GER,Silver,2
2006,GER,Silver,2
2006,GER,Silver,2
2006,ITA,Bronze,1
2006,ITA,Bronze,1
2006,ITA,Bronze,1
2006,ITA,Bronze,1
2006,RUS,Gold,3
2006,RUS,Gold,3
2006,RUS,Gold,3
2006,RUS,Gold,3
2006,GER,Silver,2
2006,GER,Silver,2
2006,GER,Silver,2
2006,GER,Silver,2
2006,AUT,Bronze,1
2006,ITA,Gold,3
2006,RUS,Silver,2
2006,ITA,Bronze,1
2006,RUS,Gold,3
2006,NOR,Silver,2
2006,RUS,Bronze,1
2006,EST,Gold,3
2006,CZE,Silver,2
2006,SWE,Bronze,1
2006,SWE,Gold,3
2006,FRA,Silver,2
2006,RUS,Bronze,1
2006,CAN,Gold,3
2006,GER,Silver,2
2006,RUS,Bronze,1
2006,RUS,Bronze,1
2006,SWE,Gold,3
2006,SWE,Gold,3
2006,NOR,Silver,2
2006,NOR,Silver,2
2006,FIN,Bronze,1
2006,FIN,Bronze,1
2006,SWE,Gold,3
2006,SWE,Gold,3
2006,CAN,Silver,2
2006,CAN,Silver,2
2006,RUS,Bronze,1
2006,CHN,Gold,3
2006,BLR,Silver,2
2006,AUS,Bronze,1
2006,SUI,Gold,3
2006,CHN,Silver,2
2006,USA,Bronze,1
2006,AUS,Gold,3
2006,FIN,Silver,2
2006,FRA,Bronze,1
2006,CAN,Gold,3
2006,NOR,Silver,2
2006,NOR,Bronze,1
2006,GER,Gold,3
2006,AUT,Silver,2
2006,GER,Bronze,1
2006,AUT,Gold,3
2006,NOR,Silver,2
2006,FIN,Bronze,1
2006,FIN,Bronze,1
2006,FIN,Bronze,1
2006,FIN,Bronze,1
2006,AUT,Gold,3
2006,AUT,Gold,3
2006,AUT,Gold,3
2006,AUT,Gold,3
2006,GER,Silver,2
2006,GER,Silver,2
2006,GER,Silver,2
2006,GER,Silver,2
2006,NOR,Bronze,1
2006,AUT,Gold,3
2006,AUT,Silver,2
2006,NOR,Bronze,1
2006,NOR,Bronze,1
2006,NOR,Bronze,1
2006,NOR,Bronze,1
2006,AUT,Gold,3
2006,AUT,Gold,3
2006,AUT,Gold,3
2006,AUT,Gold,3
2006,FIN,Silver,2
2006,FIN,Silver,2
2006,FIN,Silver,2
2006,FIN,Silver,2
2006,NOR,Bronze,1
2006,NOR,Gold,3
2006,FIN,Silver,2
2006,AUT,Bronze,1
2006,SUI,Gold,3
2006,SUI,Silver,2
2006,USA,Bronze,1
2006,SUI,Gold,3
2006,GER,Silver,2
2006,FIN,Bronze,1
2006,USA,Gold,3
2006,USA,Silver,2
2006,NOR,Bronze,1
2006,USA,Gold,3
2006,USA,Silver,2
2006,FRA,Bronze,1
2006,USA,Gold,3
2006,SVK,Silver,2
2006,CAN,Bronze,1
2006,SUI,Gold,3
2006,USA,Silver,2
2010,CRO,Bronze,1
2010,FRA,Gold,3
2010,NOR,Silver,2
2010,FRA,Bronze,1
2010,GER,Gold,3
2010,SVK,Silver,2
2010,GER,Bronze,1
2010,GER,Gold,3
2010,RUS,Silver,2
2010,FRA,Bronze,1
2010,SWE,Gold,3
2010,AUT,Silver,2
2010,BLR,Bronze,1
2010,NOR,Gold,3
2010,KAZ,Silver,2
2010,SVK,Bronze,1
2010,RUS,Gold,3
2010,FRA,Silver,2
2010,NOR,Gold,3
2010,BLR,Silver,2
2010,NOR,Silver,2
2010,GER,Bronze,1
2010,GER,Bronze,1
2010,GER,Bronze,1
2010,GER,Bronze,1
2010,RUS,Gold,3
2010,RUS,Gold,3
2010,RUS,Gold,3
2010,RUS,Gold,3
2010,FRA,Silver,2
2010,FRA,Silver,2
2010,FRA,Silver,2
2010,FRA,Silver,2
2010,RUS,Bronze,1
2010,RUS,Bronze,1
2010,RUS,Bronze,1
2010,RUS,Bronze,1
2010,NOR,Gold,3
2010,NOR,Gold,3
2010,NOR,Gold,3
2010,NOR,Gold,3
2010,AUT,Silver,2
2010,AUT,Silver,2
2010,AUT,Silver,2
2010,AUT,Silver,2
2010,FRA,Bronze,1
2010,SVK,Gold,3
2010,GER,Silver,2
2010,CAN,Bronze,1
2010,CAN,Bronze,1
2010,CAN,Bronze,1
2010,CAN,Bronze,1
2010,USA,Gold,3
2010,USA,Gold,3
2010,USA,Gold,3
2010,USA,Gold,3
2010,GER,Silver,2
2010,GER,Silver,2
2010,GER,Silver,2
2010,GER,Silver,2
2010,RUS,Bronze,1
2010,RUS,Bronze,1
2010,GER,Gold,3
2010,GER,Gold,3
2010,GER,Silver,2
2010,GER,Silver,2
2010,USA,Bronze,1
2010,USA,Bronze,1
2010,CAN,Gold,3
2010,CAN,Gold,3
2010,CAN,Silver,2
2010,CAN,Silver,2
2010,RUS,Bronze,1
2010,CAN,Gold,3
2010,LAT,Silver,2
2010,GER,Bronze,1
2010,GBR,Gold,3
2010,GER,Silver,2
2010,SUI,Bronze,1
2010,SUI,Bronze,1
2010,SUI,Bronze,1
2010,SUI,Bronze,1
2010,SUI,Bronze,1
2010,CAN,Gold,3
2010,CAN,Gold,3
2010,CAN,Gold,3
2010,CAN,Gold,3
2010,CAN,Gold,3
2010,NOR,Silver,2
2010,NOR,Silver,2
2010,NOR,Silver,2
2010,NOR,Silver,2
2010,NOR,Silver,2
2010,CHN,Bronze,1
2010,CHN,Bronze,1
2010,CHN,Bronze,1
2010,CHN,Bronze,1
2010,CHN,Bronze,1
2010,SWE,Gold,3
2010,SWE,Gold,3
2010,SWE,Gold,3
2010,SWE,Gold,3
2010,SWE,Gold,3
2010,CAN,Silver,2
2010,CAN,Silver,2
2010,CAN,Silver,2
2010,CAN,Silver,2
2010,CAN,Silver,2
2010,FIN,Bronze,1
2010,FIN,Bronze,1
2010,FIN,Bronze,1
2010,FIN,Bronze,1
2010,FIN,Bronze,1
2010,FIN,Bronze,1
2010,FIN,Bronze,1
2010,FIN,Bronze,1
2010,FIN,Bronze,1
2010,FIN,Bronze,1
2010,FIN,Bronze,1
2010,FIN,Bronze,1
2010,FIN,Bronze,1
2010,FIN,Bronze,1
2010,FIN,Bronze,1
2010,FIN,Bronze,1
2010,FIN,Bronze,1
2010,FIN,Bronze,1
2010,FIN,Bronze,1
2010,FIN,Bronze,1
2010,FIN,Bronze,1
2010,FIN,Bronze,1
2010,FIN,Bronze,1
2010,CAN,Gold,3
2010,CAN,Gold,3
2010,CAN,Gold,3
2010,CAN,Gold,3
2010,CAN,Gold,3
2010,CAN,Gold,3
2010,CAN,Gold,3
2010,CAN,Gold,3
2010,CAN,Gold,3
2010,CAN,Gold,3
2010,CAN,Gold,3
2010,CAN,Gold,3
2010,CAN,Gold,3
2010,CAN,Gold,3
2010,CAN,Gold,3
2010,CAN,Gold,3
2010,CAN,Gold,3
2010,CAN,Gold,3
2010,CAN,Gold,3
2010,CAN,Gold,3
2010,CAN,Gold,3
2010,CAN,Gold,3
2010,CAN,Gold,3
2010,USA,Silver,2
2010,USA,Silver,2
2010,USA,Silver,2
2010,USA,Silver,2
2010,USA,Silver,2
2010,USA,Silver,2
2010,USA,Silver,2
2010,USA,Silver,2
2010,USA,Silver,2
2010,USA,Silver,2
2010,USA,Silver,2
2010,USA,Silver,2
2010,USA,Silver,2
2010,USA,Silver,2
2010,USA,Silver,2
2010,USA,Silver,2
2010,USA,Silver,2
2010,USA,Silver,2
2010,USA,Silver,2
2010,USA,Silver,2
2010,USA,Silver,2
2010,USA,Silver,2
2010,USA,Silver,2
2010,FIN,Bronze,1
2010,FIN,Bronze,1
2010,FIN,Bronze,1
2010,FIN,Bronze,1
2010,FIN,Bronze,1
2010,FIN,Bronze,1
2010,FIN,Bronze,1
2010,FIN,Bronze,1
2010,FIN,Bronze,1
2010,FIN,Bronze,1
2010,FIN,Bronze,1
2010,FIN,Bronze,1
2010,FIN,Bronze,1
2010,FIN,Bronze,1
2010,FIN,Bronze,1
2010,FIN,Bronze,1
2010,FIN,Bronze,1
2010,FIN,Bronze,1
2010,FIN,Bronze,1
2010,FIN,Bronze,1
2010,FIN,Bronze,1
2010,CAN,Gold,3
2010,CAN,Gold,3
2010,CAN,Gold,3
2010,CAN,Gold,3
2010,CAN,Gold,3
2010,CAN,Gold,3
2010,CAN,Gold,3
2010,CAN,Gold,3
2010,CAN,Gold,3
2010,CAN,Gold,3
2010,CAN,Gold,3
2010,CAN,Gold,3
2010,CAN,Gold,3
2010,CAN,Gold,3
2010,CAN,Gold,3
2010,CAN,Gold,3
2010,CAN,Gold,3
2010,CAN,Gold,3
2010,CAN,Gold,3
2010,CAN,Gold,3
2010,CAN,Gold,3
2010,USA,Silver,2
2010,USA,Silver,2
2010,USA,Silver,2
2010,USA,Silver,2
2010,USA,Silver,2
2010,USA,Silver,2
2010,USA,Silver,2
2010,USA,Silver,2
2010,USA,Silver,2
2010,USA,Silver,2
2010,USA,Silver,2
2010,USA,Silver,2
2010,USA,Silver,2
2010,USA,Silver,2
2010,USA,Silver,2
2010,USA,Silver,2
2010,USA,Silver,2
2010,USA,Silver,2
2010,USA,Silver,2
2010,USA,Silver,2
2010,USA,Silver,2
2010,GER,Bronze,1
2010,GER,Bronze,1
2010,AUT,Gold,3
2010,AUT,Gold,3
2010,LAT,Silver,2
2010,LAT,Silver,2
2010,ITA,Bronze,1
2010,GER,Gold,3
2010,GER,Silver,2
2010,GER,Bronze,1
2010,GER,Gold,3
2010,AUT,Silver,2
2010,RUS,Bronze,1
2010,RUS,Bronze,1
2010,CAN,Gold,3
2010,CAN,Gold,3
2010,USA,Silver,2
2010,USA,Silver,2
2010,JPN,Bronze,1
2010,USA,Gold,3
2010,RUS,Silver,2
2010,CAN,Bronze,1
2010,KOR,Gold,3
2010,JPN,Silver,2
2010,GER,Bronze,1
2010,GER,Bronze,1
2010,CHN,Gold,3
2010,CHN,Gold,3
2010,CHN,Silver,2
2010,CHN,Silver,2
2010,USA,Bronze,1
2010,KOR,Gold,3
2010,KOR,Silver,2
2010,KOR,Bronze,1
2010,CHN,Gold,3
2010,USA,Silver,2
2010,USA,Bronze,1
2010,KOR,Gold,3
2010,USA,Silver,2
2010,KOR,Bronze,1
2010,CHN,Gold,3
2010,KOR,Silver,2
2010,USA,Bronze,1
2010,USA,Bronze,1
2010,USA,Bronze,1
2010,USA,Bronze,1
2010,USA,Bronze,1
2010,CHN,Gold,3
2010,CHN,Gold,3
2010,CHN,Gold,3
2010,CHN,Gold,3
2010,CAN,Silver,2
2010,CAN,Silver,2
2010,CAN,Silver,2
2010,CAN,Silver,2
2010,USA,Bronze,1
2010,USA,Bronze,1
2010,USA,Bronze,1
2010,USA,Bronze,1
2010,USA,Bronze,1
2010,CAN,Gold,3
2010,CAN,Gold,3
2010,CAN,Gold,3
2010,CAN,Gold,3
2010,CAN,Gold,3
2010,KOR,Silver,2
2010,KOR,Silver,2
2010,KOR,Silver,2
2010,KOR,Silver,2
2010,KOR,Silver,2
2010,CAN,Bronze,1
2010,CAN,Gold,3
2010,KOR,Silver,2
2010,ITA,Bronze,1
2010,CHN,Gold,3
2010,CAN,Silver,2
2010,NED,Bronze,1
2010,KOR,Gold,3
2010,RUS,Silver,2
2010,USA,Bronze,1
2010,USA,Gold,3
2010,KOR,Silver,2
2010,NED,Bronze,1
2010,CAN,Gold,3
2010,NED,Silver,2
2010,NOR,Bronze,1
2010,NED,Gold,3
2010,USA,Silver,2
2010,CZE,Bronze,1
2010,NED,Gold,3
2010,CAN,Silver,2
2010,CAN,Bronze,1
2010,CZE,Gold,3
2010,GER,Silver,2
2010,RUS,Bronze,1
2010,NED,Gold,3
2010,KOR,Silver,2
2010,CAN,Bronze,1
2010,CZE,Gold,3
2010,GER,Silver,2
2010,JPN,Bronze,1
2010,KOR,Gold,3
2010,JPN,Silver,2
2010,CHN,Bronze,1
2010,KOR,Gold,3
2010,GER,Silver,2
2010,NED,Bronze,1
2010,NED,Bronze,1
2010,NED,Bronze,1
2010,NED,Bronze,1
2010,CAN,Gold,3
2010,CAN,Gold,3
2010,CAN,Gold,3
2010,USA,Silver,2
2010,USA,Silver,2
2010,USA,Silver,2
2010,USA,Silver,2
2010,POL,Bronze,1
2010,POL,Bronze,1
2010,POL,Bronze,1
2010,GER,Gold,3
2010,GER,Gold,3
2010,GER,Gold,3
2010,GER,Gold,3
2010,JPN,Silver,2
2010,JPN,Silver,2
2010,JPN,Silver,2
2010,USA,Bronze,1
2010,SUI,Gold,3
2010,NOR,Silver,2
2010,AUT,Bronze,1
2010,USA,Gold,3
2010,USA,Silver,2
2010,NOR,Bronze,1
2010,SUI,Gold,3
2010,NOR,Silver,2
2010,AUT,Bronze,1
2010,GER,Gold,3
2010,SLO,Silver,2
2010,SWE,Bronze,1
2010,ITA,Gold,3
2010,CRO,Silver,2
2010,CZE,Bronze,1
2010,GER,Gold,3
2010,AUT,Silver,2
2010,SUI,Bronze,1
2010,USA,Gold,3
2010,CRO,Silver,2
2010,SWE,Bronze,1
2010,GER,Gold,3
2010,USA,Silver,2
2010,USA,Bronze,1
2010,NOR,Gold,3
2010,USA,Silver,2
2010,USA,Bronze,1
2010,AUT,Gold,3
2010,SLO,Silver,2
2010,NOR,Bronze,1
2010,SWE,Gold,3
2010,EST,Silver,2
2010,CZE,Bronze,1
2010,SUI,Gold,3
2010,ITA,Silver,2
2010,FIN,Bronze,1
2010,POL,Gold,3
2010,NOR,Silver,2
2010,CZE,Bronze,1
2010,CZE,Bronze,1
2010,CZE,Bronze,1
2010,CZE,Bronze,1
2010,SWE,Gold,3
2010,SWE,Gold,3
2010,SWE,Gold,3
2010,SWE,Gold,3
2010,NOR,Silver,2
2010,NOR,Silver,2
2010,NOR,Silver,2
2010,NOR,Silver,2
2010,FIN,Bronze,1
2010,FIN,Bronze,1
2010,FIN,Bronze,1
2010,FIN,Bronze,1
2010,NOR,Gold,3
2010,NOR,Gold,3
2010,NOR,Gold,3
2010,NOR,Gold,3
2010,GER,Silver,2
2010,GER,Silver,2
2010,GER,Silver,2
2010,GER,Silver,2
2010,SWE,Bronze,1
2010,NOR,Gold,3
2010,GER,Silver,2
2010,SWE,Bronze,1
2010,SWE,Gold,3
2010,GER,Silver,2
2010,POL,Bronze,1
2010,NOR,Gold,3
2010,SWE,Silver,2
2010,NOR,Bronze,1
2010,RUS,Gold,3
2010,RUS,Silver,2
2010,SLO,Bronze,1
2010,NOR,Gold,3
2010,POL,Silver,2
2010,RUS,Bronze,1
2010,RUS,Bronze,1
2010,NOR,Gold,3
2010,NOR,Gold,3
2010,GER,Silver,2
2010,GER,Silver,2
2010,RUS,Bronze,1
2010,RUS,Bronze,1
2010,GER,Gold,3
2010,GER,Gold,3
2010,SWE,Silver,2
2010,SWE,Silver,2
2010,CHN,Bronze,1
2010,BLR,Gold,3
2010,USA,Silver,2
2010,CHN,Bronze,1
2010,AUS,Gold,3
2010,CHN,Silver,2
2010,USA,Bronze,1
2010,CAN,Gold,3
2010,AUS,Silver,2
2010,USA,Bronze,1
2010,USA,Gold,3
2010,CAN,Silver,2
2010,NOR,Bronze,1
2010,SUI,Gold,3
2010,AUT,Silver,2
2010,FRA,Bronze,1
2010,CAN,Gold,3
2010,NOR,Silver,2
2010,ITA,Bronze,1
2010,FRA,Gold,3
2010,USA,Silver,2
2010,AUT,Bronze,1
2010,USA,Gold,3
2010,USA,Silver,2
2010,GER,Bronze,1
2010,GER,Bronze,1
2010,GER,Bronze,1
2010,GER,Bronze,1
2010,AUT,Gold,3
2010,AUT,Gold,3
2010,AUT,Gold,3
2010,AUT,Gold,3
2010,USA,Silver,2
2010,USA,Silver,2
2010,USA,Silver,2
2010,USA,Silver,2
2010,AUT,Bronze,1
2010,SUI,Gold,3
2010,POL,Silver,2
2010,NOR,Bronze,1
2010,NOR,Bronze,1
2010,NOR,Bronze,1
2010,NOR,Bronze,1
2010,AUT,Gold,3
2010,AUT,Gold,3
2010,AUT,Gold,3
2010,AUT,Gold,3
2010,GER,Silver,2
2010,GER,Silver,2
2010,GER,Silver,2
2010,GER,Silver,2
2010,AUT,Bronze,1
2010,SUI,Gold,3
2010,POL,Silver,2
2010,FRA,Bronze,1
2010,CAN,Gold,3
2010,AUT,Silver,2
2010,AUT,Bronze,1
2010,NED,Gold,3
2010,RUS,Silver,2
2010,USA,Bronze,1
2010,USA,Gold,3
2010,FIN,Silver,2
2010,USA,Bronze,1
2010,AUS,Gold,3
2010,USA,Silver,2
2010,FRA,Bronze,1
2010,USA,Gold,3
2010,CAN,Silver,2
2010,SUI,Bronze,1
2010,CAN,Gold,3
2010,FRA,Silver,2
2014,AUT,Silver,2
2014,CZE,Bronze,1
2014,NOR,Gold,3
2014,CZE,Silver,2
2014,FRA,Bronze,1
2014,FRA,Gold,3
2014,CZE,Bronze,1
2014,FRA,Silver,2
2014,NOR,Gold,3
2014,FRA,Gold,3
2014,GER,Silver,2
2014,RUS,Bronze,1
2014,AUT,Bronze,1
2014,AUT,Bronze,1
2014,AUT,Bronze,1
2014,AUT,Bronze,1
2014,GER,Silver,2
2014,GER,Silver,2
2014,GER,Silver,2
2014,GER,Silver,2
2014,RUS,Gold,3
2014,RUS,Gold,3
2014,RUS,Gold,3
2014,RUS,Gold,3
2014,CZE,Silver,2
2014,CZE,Silver,2
2014,ITA,Bronze,1
2014,ITA,Bronze,1
2014,NOR,Gold,3
2014,NOR,Gold,3
2014,BLR,Gold,3
2014,NOR,Silver,2
2014,SLO,Bronze,1
2014,BLR,Gold,3
2014,CZE,Silver,2
2014,NOR,Bronze,1
2014,BLR,Gold,3
2014,BLR,Bronze,1
2014,SUI,Silver,2
2014,NOR,Bronze,1
2014,NOR,Bronze,1
2014,NOR,Bronze,1
2014,NOR,Bronze,1
2014,RUS,Silver,2
2014,RUS,Silver,2
2014,RUS,Silver,2
2014,RUS,Silver,2
2014,UKR,Gold,3
2014,UKR,Gold,3
2014,UKR,Gold,3
2014,UKR,Gold,3
2014,RUS,Silver,2
2014,SVK,Gold,3
2014,UKR,Bronze,1
2014,CZE,Silver,2
2014,CZE,Silver,2
2014,ITA,Bronze,1
2014,ITA,Bronze,1
2014,NOR,Gold,3
2014,NOR,Gold,3
2014,LAT,Silver,2
2014,LAT,Silver,2
2014,LAT,Silver,2
2014,LAT,Silver,2
2014,RUS,Gold,3
2014,RUS,Gold,3
2014,RUS,Gold,3
2014,RUS,Gold,3
2014,USA,Bronze,1
2014,USA,Bronze,1
2014,USA,Bronze,1
2014,USA,Bronze,1
2014,RUS,Gold,3
2014,RUS,Gold,3
2014,SUI,Silver,2
2014,SUI,Silver,2
2014,USA,Bronze,1
2014,USA,Bronze,1
2014,CAN,Gold,3
2014,CAN,Gold,3
2014,USA,Bronze,1
2014,USA,Bronze,1
2014,USA,Silver,2
2014,USA,Silver,2
2014,LAT,Silver,2
2014,RUS,Gold,3
2014,USA,Bronze,1
2014,GBR,Gold,3
2014,RUS,Bronze,1
2014,USA,Silver,2
2014,CAN,Gold,3
2014,CAN,Gold,3
2014,CAN,Gold,3
2014,CAN,Gold,3
2014,CAN,Gold,3
2014,GBR,Silver,2
2014,GBR,Silver,2
2014,GBR,Silver,2
2014,GBR,Silver,2
2014,GBR,Silver,2
2014,SWE,Bronze,1
2014,SWE,Bronze,1
2014,SWE,Bronze,1
2014,SWE,Bronze,1
2014,SWE,Bronze,1
2014,CAN,Gold,3
2014,CAN,Gold,3
2014,CAN,Gold,3
2014,CAN,Gold,3
2014,CAN,Gold,3
2014,GBR,Bronze,1
2014,GBR,Bronze,1
2014,GBR,Bronze,1
2014,GBR,Bronze,1
2014,GBR,Bronze,1
2014,SWE,Silver,2
2014,SWE,Silver,2
2014,SWE,Silver,2
2014,SWE,Silver,2
2014,SWE,Silver,2
2014,CAN,Gold,3
2014,CAN,Gold,3
2014,CAN,Gold,3
2014,CAN,Gold,3
2014,CAN,Gold,3
2014,CAN,Gold,3
2014,CAN,Gold,3
2014,CAN,Gold,3
2014,CAN,Gold,3
2014,CAN,Gold,3
2014,CAN,Gold,3
2014,CAN,Gold,3
2014,CAN,Gold,3
2014,CAN,Gold,3
2014,CAN,Gold,3
2014,CAN,Gold,3
2014,CAN,Gold,3
2014,CAN,Gold,3
2014,CAN,Gold,3
2014,CAN,Gold,3
2014,CAN,Gold,3
2014,CAN,Gold,3
2014,CAN,Gold,3
2014,CAN,Gold,3
2014,CAN,Gold,3
2014,FIN,Bronze,1
2014,FIN,Bronze,1
2014,FIN,Bronze,1
2014,FIN,Bronze,1
2014,FIN,Bronze,1
2014,FIN,Bronze,1
2014,FIN,Bronze,1
2014,FIN,Bronze,1
2014,FIN,Bronze,1
2014,FIN,Bronze,1
2014,FIN,Bronze,1
2014,FIN,Bronze,1
2014,FIN,Bronze,1
2014,FIN,Bronze,1
2014,FIN,Bronze,1
2014,FIN,Bronze,1
2014,FIN,Bronze,1
2014,FIN,Bronze,1
2014,FIN,Bronze,1
2014,FIN,Bronze,1
2014,FIN,Bronze,1
2014,FIN,Bronze,1
2014,FIN,Bronze,1
2014,FIN,Bronze,1
2014,FIN,Bronze,1
2014,SWE,Silver,2
2014,SWE,Silver,2
2014,SWE,Silver,2
2014,SWE,Silver,2
2014,SWE,Silver,2
2014,SWE,Silver,2
2014,SWE,Silver,2
2014,SWE,Silver,2
2014,SWE,Silver,2
2014,SWE,Silver,2
2014,SWE,Silver,2
2014,SWE,Silver,2
2014,SWE,Silver,2
2014,SWE,Silver,2
2014,SWE,Silver,2
2014,SWE,Silver,2
2014,SWE,Silver,2
2014,SWE,Silver,2
2014,SWE,Silver,2
2014,SWE,Silver,2
2014,SWE,Silver,2
2014,SWE,Silver,2
2014,SWE,Silver,2
2014,SWE,Silver,2
2014,SWE,Silver,2
2014,CAN,Gold,3
2014,CAN,Gold,3
2014,CAN,Gold,3
2014,CAN,Gold,3
2014,CAN,Gold,3
2014,CAN,Gold,3
2014,CAN,Gold,3
2014,CAN,Gold,3
2014,CAN,Gold,3
2014,CAN,Gold,3
2014,CAN,Gold,3
2014,CAN,Gold,3
2014,CAN,Gold,3
2014,CAN,Gold,3
2014,CAN,Gold,3
2014,CAN,Gold,3
2014,CAN,Gold,3
2014,CAN,Gold,3
2014,CAN,Gold,3
2014,CAN,Gold,3
2014,CAN,Gold,3
2014,SUI,Bronze,1
2014,SUI,Bronze,1
2014,SUI,Bronze,1
2014,SUI,Bronze,1
2014,SUI,Bronze,1
2014,SUI,Bronze,1
2014,SUI,Bronze,1
2014,SUI,Bronze,1
2014,SUI,Bronze,1
2014,SUI,Bronze,1
2014,SUI,Bronze,1
2014,SUI,Bronze,1
2014,SUI,Bronze,1
2014,SUI,Bronze,1
2014,SUI,Bronze,1
2014,SUI,Bronze,1
2014,SUI,Bronze,1
2014,SUI,Bronze,1
2014,SUI,Bronze,1
2014,SUI,Bronze,1
2014,SUI,Bronze,1
2014,USA,Silver,2
2014,USA,Silver,2
2014,USA,Silver,2
2014,USA,Silver,2
2014,USA,Silver,2
2014,USA,Silver,2
2014,USA,Silver,2
2014,USA,Silver,2
2014,USA,Silver,2
2014,USA,Silver,2
2014,USA,Silver,2
2014,USA,Silver,2
2014,USA,Silver,2
2014,USA,Silver,2
2014,USA,Silver,2
2014,USA,Silver,2
2014,USA,Silver,2
2014,USA,Silver,2
2014,USA,Silver,2
2014,USA,Silver,2
2014,USA,Silver,2
2014,AUT,Silver,2
2014,AUT,Silver,2
2014,GER,Gold,3
2014,GER,Gold,3
2014,LAT,Bronze,1
2014,LAT,Bronze,1
2014,GER,Gold,3
2014,GER,Gold,3
2014,GER,Gold,3
2014,LAT,Bronze,1
2014,LAT,Bronze,1
2014,LAT,Bronze,1
2014,RUS,Silver,2
2014,RUS,Silver,2
2014,RUS,Silver,2
2014,GER,Gold,3
2014,ITA,Bronze,1
2014,RUS,Silver,2
2014,GER,Gold,3
2014,LAT,Bronze,1
2014,RUS,Silver,2
2014,GER,Gold,3
2014,GER,Silver,2
2014,USA,Bronze,1
2014,CAN,Silver,2
2014,RUS,Bronze,1
2014,USA,Gold,3
2014,CAN,Silver,2
2014,JPN,Gold,3
2014,KAZ,Bronze,1
2014,GER,Bronze,1
2014,RUS,Silver,2
2014,RUS,Gold,3
2014,CAN,Silver,2
2014,CAN,Silver,2
2014,CAN,Silver,2
2014,CAN,Silver,2
2014,CAN,Silver,2
2014,RUS,Gold,3
2014,RUS,Gold,3
2014,RUS,Gold,3
2014,RUS,Gold,3
2014,RUS,Gold,3
2014,USA,Bronze,1
2014,USA,Bronze,1
2014,USA,Bronze,1
2014,USA,Bronze,1
2014,CAN,Silver,2
2014,RUS,Bronze,1
2014,USA,Gold,3
2014,ITA,Bronze,1
2014,KOR,Silver,2
2014,RUS,Gold,3
2014,GER,Bronze,1
2014,RUS,Silver,2
2014,RUS,Gold,3
2014,CAN,Silver,2
2014,CAN,Silver,2
2014,CAN,Silver,2
2014,CAN,Silver,2
2014,RUS,Gold,3
2014,RUS,Gold,3
2014,RUS,Gold,3
2014,RUS,Gold,3
2014,RUS,Gold,3
2014,USA,Bronze,1
2014,USA,Bronze,1
2014,USA,Bronze,1
2014,USA,Bronze,1
2014,NED,Bronze,1
2014,RUS,Gold,3
2014,RUS,Silver,2
2014,CAN,Gold,3
2014,CHN,Silver,2
2014,RUS,Bronze,1
2014,CHN,Bronze,1
2014,CHN,Bronze,1
2014,CHN,Bronze,1
2014,CHN,Bronze,1
2014,CHN,Bronze,1
2014,RUS,Gold,3
2014,RUS,Gold,3
2014,RUS,Gold,3
2014,RUS,Gold,3
2014,USA,Silver,2
2014,USA,Silver,2
2014,USA,Silver,2
2014,USA,Silver,2
2014,CAN,Bronze,1
2014,CHN,Silver,2
2014,RUS,Gold,3
2014,CHN,Silver,2
2014,KOR,Gold,3
2014,KOR,Bronze,1
2014,CHN,Gold,3
2014,ITA,Bronze,1
2014,KOR,Silver,2
2014,CAN,Silver,2
2014,CAN,Silver,2
2014,CAN,Silver,2
2014,CAN,Silver,2
2014,ITA,Bronze,1
2014,ITA,Bronze,1
2014,ITA,Bronze,1
2014,ITA,Bronze,1
2014,KOR,Gold,3
2014,KOR,Gold,3
2014,KOR,Gold,3
2014,KOR,Gold,3
2014,KOR,Gold,3
2014,CHN,Gold,3
2014,ITA,Silver,2
2014,KOR,Bronze,1
2014,NED,Gold,3
2014,NED,Bronze,1
2014,NED,Silver,2
2014,CAN,Silver,2
2014,NED,Gold,3
2014,NED,Bronze,1
2014,CAN,Bronze,1
2014,NED,Silver,2
2014,POL,Gold,3
2014,NED,Bronze,1
2014,NED,Silver,2
2014,NED,Gold,3
2014,NED,Gold,3
2014,NED,Bronze,1
2014,NED,Silver,2
2014,KOR,Silver,2
2014,KOR,Silver,2
2014,KOR,Silver,2
2014,NED,Gold,3
2014,NED,Gold,3
2014,NED,Gold,3
2014,POL,Bronze,1
2014,POL,Bronze,1
2014,POL,Bronze,1
2014,CHN,Gold,3
2014,NED,Bronze,1
2014,NED,Silver,2
2014,NED,Gold,3
2014,NED,Bronze,1
2014,NED,Silver,2
2014,CZE,Silver,2
2014,NED,Gold,3
2014,RUS,Bronze,1
2014,CZE,Gold,3
2014,NED,Bronze,1
2014,NED,Silver,2
2014,KOR,Gold,3
2014,NED,Bronze,1
2014,RUS,Silver,2
2014,NED,Gold,3
2014,NED,Gold,3
2014,NED,Gold,3
2014,NED,Gold,3
2014,POL,Silver,2
2014,POL,Silver,2
2014,POL,Silver,2
2014,POL,Silver,2
2014,RUS,Bronze,1
2014,RUS,Bronze,1
2014,RUS,Bronze,1
2014,RUS,Bronze,1
2014,AUT,Gold,3
2014,ITA,Silver,2
2014,NOR,Bronze,1
2014,FRA,Silver,2
2014,FRA,Bronze,1
2014,USA,Gold,3
2014,AUT,Silver,2
2014,AUT,Gold,3
2014,NOR,Bronze,1
2014,CRO,Silver,2
2014,ITA,Bronze,1
2014,SUI,Gold,3
2014,CAN,Bronze,1
2014,NOR,Gold,3
2014,USA,Bronze,1
2014,USA,Silver,2
2014,SLO,Gold,3
2014,SUI,Gold,3
2014,SUI,Bronze,1
2014,AUT,Silver,2
2014,GER,Bronze,1
2014,SLO,Gold,3
2014,AUT,Silver,2
2014,AUT,Bronze,1
2014,USA,Gold,3
2014,AUT,Silver,2
2014,GER,Gold,3
2014,USA,Bronze,1
2014,AUT,Gold,3
2014,AUT,Bronze,1
2014,GER,Silver,2
2014,SUI,Gold,3
2014,SWE,Silver,2
2014,SWE,Bronze,1
2014,FRA,Bronze,1
2014,FRA,Bronze,1
2014,FRA,Bronze,1
2014,FRA,Bronze,1
2014,RUS,Silver,2
2014,RUS,Silver,2
2014,RUS,Silver,2
2014,RUS,Silver,2
2014,SWE,Gold,3
2014,SWE,Gold,3
2014,SWE,Gold,3
2014,SWE,Gold,3
2014,RUS,Bronze,1
2014,RUS,Gold,3
2014,RUS,Silver,2
2014,NOR,Bronze,1
2014,SUI,Gold,3
2014,SWE,Silver,2
2014,NOR,Gold,3
2014,SWE,Bronze,1
2014,SWE,Silver,2
2014,FIN,Gold,3
2014,FIN,Gold,3
2014,RUS,Silver,2
2014,RUS,Silver,2
2014,SWE,Bronze,1
2014,SWE,Bronze,1
2014,NOR,Bronze,1
2014,POL,Gold,3
2014,SWE,Silver,2
2014,NOR,Gold,3
2014,NOR,Silver,2
2014,NOR,Bronze,1
2014,FIN,Silver,2
2014,FIN,Silver,2
2014,FIN,Silver,2
2014,FIN,Silver,2
2014,GER,Bronze,1
2014,GER,Bronze,1
2014,GER,Bronze,1
2014,GER,Bronze,1
2014,SWE,Gold,3
2014,SWE,Gold,3
2014,SWE,Gold,3
2014,SWE,Gold,3
2014,NOR,Gold,3
2014,NOR,Bronze,1
2014,SWE,Silver,2
2014,NOR,Gold,3
2014,NOR,Silver,2
2014,SLO,Bronze,1
2014,FIN,Silver,2
2014,FIN,Silver,2
2014,NOR,Gold,3
2014,NOR,Gold,3
2014,SWE,Bronze,1
2014,SWE,Bronze,1
2014,AUS,Silver,2
2014,BLR,Gold,3
2014,CHN,Bronze,1
2014,CAN,Gold,3
2014,CAN,Silver,2
2014,RUS,Bronze,1
2014,FRA,Silver,2
2014,FRA,Gold,3
2014,FRA,Bronze,1
2014,CAN,Silver,2
2014,FRA,Bronze,1
2014,USA,Gold,3
2014,USA,Gold,3
2014,USA,Bronze,1
2014,USA,Silver,2
2014,AUS,Bronze,1
2014,BLR,Gold,3
2014,CHN,Silver,2
2014,CAN,Silver,2
2014,CAN,Gold,3
2014,USA,Bronze,1
2014,CAN,Silver,2
2014,CAN,Gold,3
2014,SWE,Bronze,1
2014,FRA,Silver,2
2014,JPN,Bronze,1
2014,USA,Gold,3
2014,CAN,Gold,3
2014,CAN,Bronze,1
2014,USA,Silver,2
2014,GER,Gold,3
2014,JPN,Silver,2
2014,NOR,Bronze,1
2014,GER,Bronze,1
2014,NOR,Gold,3
2014,NOR,Silver,2
2014,AUT,Bronze,1
2014,AUT,Bronze,1
2014,AUT,Bronze,1
2014,AUT,Bronze,1
2014,GER,Silver,2
2014,GER,Silver,2
2014,GER,Silver,2
2014,GER,Silver,2
2014,NOR,Gold,3
2014,NOR,Gold,3
2014,NOR,Gold,3
2014,NOR,Gold,3
2014,JPN,Silver,2
2014,POL,Gold,3
2014,SLO,Bronze,1
2014,NOR,Bronze,1
2014,POL,Gold,3
2014,SLO,Silver,2
2014,AUT,Silver,2
2014,AUT,Silver,2
2014,AUT,Silver,2
2014,AUT,Silver,2
2014,GER,Gold,3
2014,GER,Gold,3
2014,GER,Gold,3
2014,GER,Gold,3
2014,JPN,Bronze,1
2014,JPN,Bronze,1
2014,JPN,Bronze,1
2014,JPN,Bronze,1
2014,AUT,Silver,2
2014,FRA,Bronze,1
2014,GER,Gold,3
2014,RUS,Gold,3
2014,SLO,Bronze,1
2014,SUI,Silver,2
2014,JPN,Silver,2
2014,JPN,Bronze,1
2014,SUI,Gold,3
2014,AUT,Bronze,1
2014,RUS,Gold,3
2014,SLO,Silver,2
2014,CAN,Bronze,1
2014,NOR,Silver,2
2014,USA,Gold,3
2014,FRA,Gold,3
2014,RUS,Silver,2
2014,USA,Bronze,1
2014,JPN,Silver,2
2014,RUS,Bronze,1
2014,SUI,Gold,3
2014,AUS,Silver,2
2014,USA,Bronze,1
2014,USA,Gold,3
2014,AUT,Gold,3
2014,GER,Silver,2
2014,GER,Bronze,1
2014,FIN,Silver,2
2014,GBR,Bronze,1
2014,USA,Gold,3
2014,CAN,Silver,2
2014,CZE,Gold,3
2014,FRA,Bronze,1
